--
-- PostgreSQL database dump
--

-- Dumped from database version 17.4
-- Dumped by pg_dump version 17.4

SET statement_timeout = 0;
SET lock_timeout = 0;
SET idle_in_transaction_session_timeout = 0;
SET transaction_timeout = 0;
SET client_encoding = 'UTF8';
SET standard_conforming_strings = on;
SELECT pg_catalog.set_config('search_path', '', false);
SET check_function_bodies = false;
SET xmloption = content;
SET client_min_messages = warning;
SET row_security = off;

SET default_tablespace = '';

SET default_table_access_method = heap;

--
-- Name: auth_group; Type: TABLE; Schema: public; Owner: postgres
--

CREATE TABLE public.auth_group (
    id integer NOT NULL,
    name character varying(150) NOT NULL
);


ALTER TABLE public.auth_group OWNER TO postgres;

--
-- Name: auth_group_id_seq; Type: SEQUENCE; Schema: public; Owner: postgres
--

ALTER TABLE public.auth_group ALTER COLUMN id ADD GENERATED BY DEFAULT AS IDENTITY (
    SEQUENCE NAME public.auth_group_id_seq
    START WITH 1
    INCREMENT BY 1
    NO MINVALUE
    NO MAXVALUE
    CACHE 1
);


--
-- Name: auth_group_permissions; Type: TABLE; Schema: public; Owner: postgres
--

CREATE TABLE public.auth_group_permissions (
    id bigint NOT NULL,
    group_id integer NOT NULL,
    permission_id integer NOT NULL
);


ALTER TABLE public.auth_group_permissions OWNER TO postgres;

--
-- Name: auth_group_permissions_id_seq; Type: SEQUENCE; Schema: public; Owner: postgres
--

ALTER TABLE public.auth_group_permissions ALTER COLUMN id ADD GENERATED BY DEFAULT AS IDENTITY (
    SEQUENCE NAME public.auth_group_permissions_id_seq
    START WITH 1
    INCREMENT BY 1
    NO MINVALUE
    NO MAXVALUE
    CACHE 1
);


--
-- Name: auth_permission; Type: TABLE; Schema: public; Owner: postgres
--

CREATE TABLE public.auth_permission (
    id integer NOT NULL,
    name character varying(255) NOT NULL,
    content_type_id integer NOT NULL,
    codename character varying(100) NOT NULL
);


ALTER TABLE public.auth_permission OWNER TO postgres;

--
-- Name: auth_permission_id_seq; Type: SEQUENCE; Schema: public; Owner: postgres
--

ALTER TABLE public.auth_permission ALTER COLUMN id ADD GENERATED BY DEFAULT AS IDENTITY (
    SEQUENCE NAME public.auth_permission_id_seq
    START WITH 1
    INCREMENT BY 1
    NO MINVALUE
    NO MAXVALUE
    CACHE 1
);


--
-- Name: billing_config_fiscal_sede; Type: TABLE; Schema: public; Owner: postgres
--

CREATE TABLE public.billing_config_fiscal_sede (
    id bigint NOT NULL,
    nombre_comercial character varying(200) NOT NULL,
    nombre_legal character varying(300) NOT NULL,
    rfc character varying(13) NOT NULL,
    direccion text NOT NULL,
    telefono character varying(30) NOT NULL,
    email character varying(254) NOT NULL,
    logo_url character varying(500) NOT NULL,
    leyenda_ticket text NOT NULL,
    created_at timestamp with time zone NOT NULL,
    updated_at timestamp with time zone NOT NULL,
    sede_id bigint NOT NULL
);


ALTER TABLE public.billing_config_fiscal_sede OWNER TO postgres;

--
-- Name: billing_config_fiscal_sede_id_seq; Type: SEQUENCE; Schema: public; Owner: postgres
--

ALTER TABLE public.billing_config_fiscal_sede ALTER COLUMN id ADD GENERATED BY DEFAULT AS IDENTITY (
    SEQUENCE NAME public.billing_config_fiscal_sede_id_seq
    START WITH 1
    INCREMENT BY 1
    NO MINVALUE
    NO MAXVALUE
    CACHE 1
);


--
-- Name: branches_sedes; Type: TABLE; Schema: public; Owner: postgres
--

CREATE TABLE public.branches_sedes (
    id bigint NOT NULL,
    name character varying(100) NOT NULL,
    address character varying(255) NOT NULL,
    phone character varying(20) NOT NULL,
    is_active boolean NOT NULL,
    created_at timestamp with time zone NOT NULL,
    updated_at timestamp with time zone NOT NULL
);


ALTER TABLE public.branches_sedes OWNER TO postgres;

--
-- Name: branches_sedes_id_seq; Type: SEQUENCE; Schema: public; Owner: postgres
--

ALTER TABLE public.branches_sedes ALTER COLUMN id ADD GENERATED BY DEFAULT AS IDENTITY (
    SEQUENCE NAME public.branches_sedes_id_seq
    START WITH 1
    INCREMENT BY 1
    NO MINVALUE
    NO MAXVALUE
    CACHE 1
);


--
-- Name: customers_perfiles; Type: TABLE; Schema: public; Owner: postgres
--

CREATE TABLE public.customers_perfiles (
    id bigint NOT NULL,
    telefono character varying(20) NOT NULL,
    fecha_nac date,
    qr_token uuid NOT NULL,
    foto_url character varying(500) NOT NULL,
    puntos integer NOT NULL,
    created_at timestamp with time zone NOT NULL,
    usuario_id integer NOT NULL,
    CONSTRAINT customers_perfiles_puntos_check CHECK ((puntos >= 0))
);


ALTER TABLE public.customers_perfiles OWNER TO postgres;

--
-- Name: customers_perfiles_id_seq; Type: SEQUENCE; Schema: public; Owner: postgres
--

ALTER TABLE public.customers_perfiles ALTER COLUMN id ADD GENERATED BY DEFAULT AS IDENTITY (
    SEQUENCE NAME public.customers_perfiles_id_seq
    START WITH 1
    INCREMENT BY 1
    NO MINVALUE
    NO MAXVALUE
    CACHE 1
);


--
-- Name: django_admin_log; Type: TABLE; Schema: public; Owner: postgres
--

CREATE TABLE public.django_admin_log (
    id integer NOT NULL,
    action_time timestamp with time zone NOT NULL,
    object_id text,
    object_repr character varying(200) NOT NULL,
    action_flag smallint NOT NULL,
    change_message text NOT NULL,
    content_type_id integer,
    user_id integer NOT NULL,
    CONSTRAINT django_admin_log_action_flag_check CHECK ((action_flag >= 0))
);


ALTER TABLE public.django_admin_log OWNER TO postgres;

--
-- Name: django_admin_log_id_seq; Type: SEQUENCE; Schema: public; Owner: postgres
--

ALTER TABLE public.django_admin_log ALTER COLUMN id ADD GENERATED BY DEFAULT AS IDENTITY (
    SEQUENCE NAME public.django_admin_log_id_seq
    START WITH 1
    INCREMENT BY 1
    NO MINVALUE
    NO MAXVALUE
    CACHE 1
);


--
-- Name: django_content_type; Type: TABLE; Schema: public; Owner: postgres
--

CREATE TABLE public.django_content_type (
    id integer NOT NULL,
    app_label character varying(100) NOT NULL,
    model character varying(100) NOT NULL
);


ALTER TABLE public.django_content_type OWNER TO postgres;

--
-- Name: django_content_type_id_seq; Type: SEQUENCE; Schema: public; Owner: postgres
--

ALTER TABLE public.django_content_type ALTER COLUMN id ADD GENERATED BY DEFAULT AS IDENTITY (
    SEQUENCE NAME public.django_content_type_id_seq
    START WITH 1
    INCREMENT BY 1
    NO MINVALUE
    NO MAXVALUE
    CACHE 1
);


--
-- Name: django_migrations; Type: TABLE; Schema: public; Owner: postgres
--

CREATE TABLE public.django_migrations (
    id bigint NOT NULL,
    app character varying(255) NOT NULL,
    name character varying(255) NOT NULL,
    applied timestamp with time zone NOT NULL
);


ALTER TABLE public.django_migrations OWNER TO postgres;

--
-- Name: django_migrations_id_seq; Type: SEQUENCE; Schema: public; Owner: postgres
--

ALTER TABLE public.django_migrations ALTER COLUMN id ADD GENERATED BY DEFAULT AS IDENTITY (
    SEQUENCE NAME public.django_migrations_id_seq
    START WITH 1
    INCREMENT BY 1
    NO MINVALUE
    NO MAXVALUE
    CACHE 1
);


--
-- Name: django_session; Type: TABLE; Schema: public; Owner: postgres
--

CREATE TABLE public.django_session (
    session_key character varying(40) NOT NULL,
    session_data text NOT NULL,
    expire_date timestamp with time zone NOT NULL
);


ALTER TABLE public.django_session OWNER TO postgres;

--
-- Name: inventory_auditoria_items; Type: TABLE; Schema: public; Owner: postgres
--

CREATE TABLE public.inventory_auditoria_items (
    id bigint NOT NULL,
    stock_sistema integer NOT NULL,
    stock_fisico integer,
    auditoria_id bigint NOT NULL,
    producto_id bigint NOT NULL
);


ALTER TABLE public.inventory_auditoria_items OWNER TO postgres;

--
-- Name: inventory_auditoria_items_id_seq; Type: SEQUENCE; Schema: public; Owner: postgres
--

ALTER TABLE public.inventory_auditoria_items ALTER COLUMN id ADD GENERATED BY DEFAULT AS IDENTITY (
    SEQUENCE NAME public.inventory_auditoria_items_id_seq
    START WITH 1
    INCREMENT BY 1
    NO MINVALUE
    NO MAXVALUE
    CACHE 1
);


--
-- Name: inventory_auditorias; Type: TABLE; Schema: public; Owner: postgres
--

CREATE TABLE public.inventory_auditorias (
    id bigint NOT NULL,
    fecha date NOT NULL,
    status character varying(20) NOT NULL,
    created_at timestamp with time zone NOT NULL,
    updated_at timestamp with time zone NOT NULL,
    created_by_id integer,
    sede_id bigint NOT NULL
);


ALTER TABLE public.inventory_auditorias OWNER TO postgres;

--
-- Name: inventory_auditorias_id_seq; Type: SEQUENCE; Schema: public; Owner: postgres
--

ALTER TABLE public.inventory_auditorias ALTER COLUMN id ADD GENERATED BY DEFAULT AS IDENTITY (
    SEQUENCE NAME public.inventory_auditorias_id_seq
    START WITH 1
    INCREMENT BY 1
    NO MINVALUE
    NO MAXVALUE
    CACHE 1
);


--
-- Name: inventory_categorias; Type: TABLE; Schema: public; Owner: postgres
--

CREATE TABLE public.inventory_categorias (
    id bigint NOT NULL,
    name character varying(100) NOT NULL,
    description text NOT NULL,
    is_active boolean NOT NULL,
    created_at timestamp with time zone NOT NULL
);


ALTER TABLE public.inventory_categorias OWNER TO postgres;

--
-- Name: inventory_categorias_id_seq; Type: SEQUENCE; Schema: public; Owner: postgres
--

ALTER TABLE public.inventory_categorias ALTER COLUMN id ADD GENERATED BY DEFAULT AS IDENTITY (
    SEQUENCE NAME public.inventory_categorias_id_seq
    START WITH 1
    INCREMENT BY 1
    NO MINVALUE
    NO MAXVALUE
    CACHE 1
);


--
-- Name: inventory_compatibilidad_pieza; Type: TABLE; Schema: public; Owner: postgres
--

CREATE TABLE public.inventory_compatibilidad_pieza (
    id bigint NOT NULL,
    "año_desde" smallint,
    "año_hasta" smallint,
    nota character varying(200) NOT NULL,
    producto_id bigint NOT NULL,
    modelo_moto_id bigint NOT NULL
);


ALTER TABLE public.inventory_compatibilidad_pieza OWNER TO postgres;

--
-- Name: inventory_compatibilidad_pieza_id_seq; Type: SEQUENCE; Schema: public; Owner: postgres
--

ALTER TABLE public.inventory_compatibilidad_pieza ALTER COLUMN id ADD GENERATED BY DEFAULT AS IDENTITY (
    SEQUENCE NAME public.inventory_compatibilidad_pieza_id_seq
    START WITH 1
    INCREMENT BY 1
    NO MINVALUE
    NO MAXVALUE
    CACHE 1
);


--
-- Name: inventory_entradas; Type: TABLE; Schema: public; Owner: postgres
--

CREATE TABLE public.inventory_entradas (
    id bigint NOT NULL,
    quantity integer NOT NULL,
    cost_unit numeric(10,2) NOT NULL,
    notes text NOT NULL,
    created_at timestamp with time zone NOT NULL,
    created_by_id integer,
    sede_id bigint NOT NULL,
    producto_id bigint NOT NULL
);


ALTER TABLE public.inventory_entradas OWNER TO postgres;

--
-- Name: inventory_entradas_id_seq; Type: SEQUENCE; Schema: public; Owner: postgres
--

ALTER TABLE public.inventory_entradas ALTER COLUMN id ADD GENERATED BY DEFAULT AS IDENTITY (
    SEQUENCE NAME public.inventory_entradas_id_seq
    START WITH 1
    INCREMENT BY 1
    NO MINVALUE
    NO MAXVALUE
    CACHE 1
);


--
-- Name: inventory_marcas_fabricante; Type: TABLE; Schema: public; Owner: postgres
--

CREATE TABLE public.inventory_marcas_fabricante (
    id bigint NOT NULL,
    name character varying(100) NOT NULL,
    tipo character varying(20) NOT NULL,
    pais character varying(50) NOT NULL,
    is_active boolean NOT NULL
);


ALTER TABLE public.inventory_marcas_fabricante OWNER TO postgres;

--
-- Name: inventory_marcas_fabricante_id_seq; Type: SEQUENCE; Schema: public; Owner: postgres
--

ALTER TABLE public.inventory_marcas_fabricante ALTER COLUMN id ADD GENERATED BY DEFAULT AS IDENTITY (
    SEQUENCE NAME public.inventory_marcas_fabricante_id_seq
    START WITH 1
    INCREMENT BY 1
    NO MINVALUE
    NO MAXVALUE
    CACHE 1
);


--
-- Name: inventory_marcas_moto; Type: TABLE; Schema: public; Owner: postgres
--

CREATE TABLE public.inventory_marcas_moto (
    id bigint NOT NULL,
    name character varying(80) NOT NULL,
    is_active boolean NOT NULL
);


ALTER TABLE public.inventory_marcas_moto OWNER TO postgres;

--
-- Name: inventory_marcas_moto_id_seq; Type: SEQUENCE; Schema: public; Owner: postgres
--

ALTER TABLE public.inventory_marcas_moto ALTER COLUMN id ADD GENERATED BY DEFAULT AS IDENTITY (
    SEQUENCE NAME public.inventory_marcas_moto_id_seq
    START WITH 1
    INCREMENT BY 1
    NO MINVALUE
    NO MAXVALUE
    CACHE 1
);


--
-- Name: inventory_modelos_moto; Type: TABLE; Schema: public; Owner: postgres
--

CREATE TABLE public.inventory_modelos_moto (
    id bigint NOT NULL,
    modelo character varying(100) NOT NULL,
    "año_desde" smallint NOT NULL,
    "año_hasta" smallint,
    cilindraje smallint,
    tipo_motor character varying(10) NOT NULL,
    tipo_moto character varying(20) NOT NULL,
    is_active boolean NOT NULL,
    marca_id bigint NOT NULL
);


ALTER TABLE public.inventory_modelos_moto OWNER TO postgres;

--
-- Name: inventory_modelos_moto_id_seq; Type: SEQUENCE; Schema: public; Owner: postgres
--

ALTER TABLE public.inventory_modelos_moto ALTER COLUMN id ADD GENERATED BY DEFAULT AS IDENTITY (
    SEQUENCE NAME public.inventory_modelos_moto_id_seq
    START WITH 1
    INCREMENT BY 1
    NO MINVALUE
    NO MAXVALUE
    CACHE 1
);


--
-- Name: inventory_productos; Type: TABLE; Schema: public; Owner: postgres
--

CREATE TABLE public.inventory_productos (
    id bigint NOT NULL,
    sku character varying(50) NOT NULL,
    name character varying(200) NOT NULL,
    description text NOT NULL,
    price numeric(10,2) NOT NULL,
    cost numeric(10,2) NOT NULL,
    is_active boolean NOT NULL,
    created_at timestamp with time zone NOT NULL,
    updated_at timestamp with time zone NOT NULL,
    categoria_id bigint,
    codigo_barras character varying(50) NOT NULL,
    es_descontinuado boolean NOT NULL,
    es_universal boolean NOT NULL,
    numero_parte_aftermarket character varying(80) NOT NULL,
    numero_parte_oem character varying(80) NOT NULL,
    peso_kg numeric(6,3),
    precio_mayoreo numeric(10,2),
    tipo_parte character varying(20) NOT NULL,
    ubicacion_almacen character varying(30) NOT NULL,
    unidad_medida character varying(10) NOT NULL,
    marca_fabricante_id bigint,
    subcategoria_id bigint,
    imagen character varying(100)
);


ALTER TABLE public.inventory_productos OWNER TO postgres;

--
-- Name: inventory_productos_id_seq; Type: SEQUENCE; Schema: public; Owner: postgres
--

ALTER TABLE public.inventory_productos ALTER COLUMN id ADD GENERATED BY DEFAULT AS IDENTITY (
    SEQUENCE NAME public.inventory_productos_id_seq
    START WITH 1
    INCREMENT BY 1
    NO MINVALUE
    NO MAXVALUE
    CACHE 1
);


--
-- Name: inventory_stock; Type: TABLE; Schema: public; Owner: postgres
--

CREATE TABLE public.inventory_stock (
    id bigint NOT NULL,
    quantity integer NOT NULL,
    min_quantity integer NOT NULL,
    updated_at timestamp with time zone NOT NULL,
    producto_id bigint NOT NULL,
    sede_id bigint NOT NULL
);


ALTER TABLE public.inventory_stock OWNER TO postgres;

--
-- Name: inventory_stock_id_seq; Type: SEQUENCE; Schema: public; Owner: postgres
--

ALTER TABLE public.inventory_stock ALTER COLUMN id ADD GENERATED BY DEFAULT AS IDENTITY (
    SEQUENCE NAME public.inventory_stock_id_seq
    START WITH 1
    INCREMENT BY 1
    NO MINVALUE
    NO MAXVALUE
    CACHE 1
);


--
-- Name: inventory_subcategorias; Type: TABLE; Schema: public; Owner: postgres
--

CREATE TABLE public.inventory_subcategorias (
    id bigint NOT NULL,
    name character varying(100) NOT NULL,
    description text NOT NULL,
    is_active boolean NOT NULL,
    created_at timestamp with time zone NOT NULL,
    categoria_id bigint NOT NULL
);


ALTER TABLE public.inventory_subcategorias OWNER TO postgres;

--
-- Name: inventory_subcategorias_id_seq; Type: SEQUENCE; Schema: public; Owner: postgres
--

ALTER TABLE public.inventory_subcategorias ALTER COLUMN id ADD GENERATED BY DEFAULT AS IDENTITY (
    SEQUENCE NAME public.inventory_subcategorias_id_seq
    START WITH 1
    INCREMENT BY 1
    NO MINVALUE
    NO MAXVALUE
    CACHE 1
);


--
-- Name: pedidos_bodega; Type: TABLE; Schema: public; Owner: postgres
--

CREATE TABLE public.pedidos_bodega (
    id bigint NOT NULL,
    notas character varying(300) NOT NULL,
    status character varying(20) NOT NULL,
    created_at timestamp with time zone NOT NULL,
    updated_at timestamp with time zone NOT NULL,
    cajero_id integer NOT NULL,
    sede_id bigint NOT NULL
);


ALTER TABLE public.pedidos_bodega OWNER TO postgres;

--
-- Name: pedidos_bodega_id_seq; Type: SEQUENCE; Schema: public; Owner: postgres
--

ALTER TABLE public.pedidos_bodega ALTER COLUMN id ADD GENERATED BY DEFAULT AS IDENTITY (
    SEQUENCE NAME public.pedidos_bodega_id_seq
    START WITH 1
    INCREMENT BY 1
    NO MINVALUE
    NO MAXVALUE
    CACHE 1
);


--
-- Name: pedidos_bodega_items; Type: TABLE; Schema: public; Owner: postgres
--

CREATE TABLE public.pedidos_bodega_items (
    id bigint NOT NULL,
    cantidad integer NOT NULL,
    ubicacion character varying(100) NOT NULL,
    pedido_id bigint NOT NULL,
    producto_id bigint NOT NULL,
    CONSTRAINT pedidos_bodega_items_cantidad_check CHECK ((cantidad >= 0))
);


ALTER TABLE public.pedidos_bodega_items OWNER TO postgres;

--
-- Name: pedidos_bodega_items_id_seq; Type: SEQUENCE; Schema: public; Owner: postgres
--

ALTER TABLE public.pedidos_bodega_items ALTER COLUMN id ADD GENERATED BY DEFAULT AS IDENTITY (
    SEQUENCE NAME public.pedidos_bodega_items_id_seq
    START WITH 1
    INCREMENT BY 1
    NO MINVALUE
    NO MAXVALUE
    CACHE 1
);


--
-- Name: sales_aperturas_caja; Type: TABLE; Schema: public; Owner: postgres
--

CREATE TABLE public.sales_aperturas_caja (
    id bigint NOT NULL,
    fecha_apertura timestamp with time zone NOT NULL,
    fecha_cierre timestamp with time zone,
    status character varying(10) NOT NULL,
    autorizado_por_id integer NOT NULL,
    cajero_id integer NOT NULL,
    sede_id bigint NOT NULL,
    codigo_id bigint NOT NULL
);


ALTER TABLE public.sales_aperturas_caja OWNER TO postgres;

--
-- Name: sales_aperturas_caja_id_seq; Type: SEQUENCE; Schema: public; Owner: postgres
--

ALTER TABLE public.sales_aperturas_caja ALTER COLUMN id ADD GENERATED BY DEFAULT AS IDENTITY (
    SEQUENCE NAME public.sales_aperturas_caja_id_seq
    START WITH 1
    INCREMENT BY 1
    NO MINVALUE
    NO MAXVALUE
    CACHE 1
);


--
-- Name: sales_codigos_apertura; Type: TABLE; Schema: public; Owner: postgres
--

CREATE TABLE public.sales_codigos_apertura (
    id bigint NOT NULL,
    codigo character varying(6) NOT NULL,
    expires_at timestamp with time zone NOT NULL,
    created_at timestamp with time zone NOT NULL,
    generado_por_id integer NOT NULL,
    sede_id bigint NOT NULL
);


ALTER TABLE public.sales_codigos_apertura OWNER TO postgres;

--
-- Name: sales_codigos_apertura_id_seq; Type: SEQUENCE; Schema: public; Owner: postgres
--

ALTER TABLE public.sales_codigos_apertura ALTER COLUMN id ADD GENERATED BY DEFAULT AS IDENTITY (
    SEQUENCE NAME public.sales_codigos_apertura_id_seq
    START WITH 1
    INCREMENT BY 1
    NO MINVALUE
    NO MAXVALUE
    CACHE 1
);


--
-- Name: sales_reportes_caja; Type: TABLE; Schema: public; Owner: postgres
--

CREATE TABLE public.sales_reportes_caja (
    id bigint NOT NULL,
    archivo character varying(100) NOT NULL,
    total_ventas integer NOT NULL,
    total_canceladas integer NOT NULL,
    monto_total numeric(12,2) NOT NULL,
    monto_efectivo numeric(12,2) NOT NULL,
    monto_tarjeta numeric(12,2) NOT NULL,
    monto_transferencia numeric(12,2) NOT NULL,
    total_descuentos numeric(12,2) NOT NULL,
    created_at timestamp with time zone NOT NULL,
    apertura_id bigint NOT NULL,
    CONSTRAINT sales_reportes_caja_total_canceladas_check CHECK ((total_canceladas >= 0)),
    CONSTRAINT sales_reportes_caja_total_ventas_check CHECK ((total_ventas >= 0))
);


ALTER TABLE public.sales_reportes_caja OWNER TO postgres;

--
-- Name: sales_reportes_caja_id_seq; Type: SEQUENCE; Schema: public; Owner: postgres
--

ALTER TABLE public.sales_reportes_caja ALTER COLUMN id ADD GENERATED BY DEFAULT AS IDENTITY (
    SEQUENCE NAME public.sales_reportes_caja_id_seq
    START WITH 1
    INCREMENT BY 1
    NO MINVALUE
    NO MAXVALUE
    CACHE 1
);


--
-- Name: sales_venta_items; Type: TABLE; Schema: public; Owner: postgres
--

CREATE TABLE public.sales_venta_items (
    id bigint NOT NULL,
    quantity integer NOT NULL,
    unit_price numeric(10,2) NOT NULL,
    subtotal numeric(10,2) NOT NULL,
    producto_id bigint NOT NULL,
    venta_id bigint NOT NULL,
    CONSTRAINT sales_venta_items_quantity_check CHECK ((quantity >= 0))
);


ALTER TABLE public.sales_venta_items OWNER TO postgres;

--
-- Name: sales_venta_items_id_seq; Type: SEQUENCE; Schema: public; Owner: postgres
--

ALTER TABLE public.sales_venta_items ALTER COLUMN id ADD GENERATED BY DEFAULT AS IDENTITY (
    SEQUENCE NAME public.sales_venta_items_id_seq
    START WITH 1
    INCREMENT BY 1
    NO MINVALUE
    NO MAXVALUE
    CACHE 1
);


--
-- Name: sales_ventas; Type: TABLE; Schema: public; Owner: postgres
--

CREATE TABLE public.sales_ventas (
    id bigint NOT NULL,
    subtotal numeric(10,2) NOT NULL,
    descuento numeric(10,2) NOT NULL,
    total numeric(10,2) NOT NULL,
    metodo_pago character varying(20) NOT NULL,
    monto_pagado numeric(10,2) NOT NULL,
    cambio numeric(10,2) NOT NULL,
    status character varying(20) NOT NULL,
    notas text NOT NULL,
    created_at timestamp with time zone NOT NULL,
    cajero_id integer NOT NULL,
    sede_id bigint NOT NULL,
    cliente_id bigint,
    puntos_ganados integer NOT NULL,
    CONSTRAINT sales_ventas_puntos_ganados_check CHECK ((puntos_ganados >= 0))
);


ALTER TABLE public.sales_ventas OWNER TO postgres;

--
-- Name: sales_ventas_id_seq; Type: SEQUENCE; Schema: public; Owner: postgres
--

ALTER TABLE public.sales_ventas ALTER COLUMN id ADD GENERATED BY DEFAULT AS IDENTITY (
    SEQUENCE NAME public.sales_ventas_id_seq
    START WITH 1
    INCREMENT BY 1
    NO MINVALUE
    NO MAXVALUE
    CACHE 1
);


--
-- Name: taller_motos_cliente; Type: TABLE; Schema: public; Owner: postgres
--

CREATE TABLE public.taller_motos_cliente (
    id bigint NOT NULL,
    marca character varying(100) NOT NULL,
    modelo character varying(100) NOT NULL,
    "año" smallint NOT NULL,
    placa character varying(20) NOT NULL,
    color character varying(50) NOT NULL,
    notas text NOT NULL,
    created_at timestamp with time zone NOT NULL,
    cliente_id bigint
);


ALTER TABLE public.taller_motos_cliente OWNER TO postgres;

--
-- Name: taller_motos_cliente_id_seq; Type: SEQUENCE; Schema: public; Owner: postgres
--

ALTER TABLE public.taller_motos_cliente ALTER COLUMN id ADD GENERATED BY DEFAULT AS IDENTITY (
    SEQUENCE NAME public.taller_motos_cliente_id_seq
    START WITH 1
    INCREMENT BY 1
    NO MINVALUE
    NO MAXVALUE
    CACHE 1
);


--
-- Name: taller_servicio_items; Type: TABLE; Schema: public; Owner: postgres
--

CREATE TABLE public.taller_servicio_items (
    id bigint NOT NULL,
    tipo character varying(15) NOT NULL,
    descripcion character varying(200) NOT NULL,
    cantidad integer NOT NULL,
    precio_unitario numeric(10,2) NOT NULL,
    subtotal numeric(10,2) NOT NULL,
    aprobado boolean NOT NULL,
    created_at timestamp with time zone NOT NULL,
    created_by_id integer,
    producto_id bigint,
    servicio_id bigint NOT NULL
);


ALTER TABLE public.taller_servicio_items OWNER TO postgres;

--
-- Name: taller_servicio_items_id_seq; Type: SEQUENCE; Schema: public; Owner: postgres
--

ALTER TABLE public.taller_servicio_items ALTER COLUMN id ADD GENERATED BY DEFAULT AS IDENTITY (
    SEQUENCE NAME public.taller_servicio_items_id_seq
    START WITH 1
    INCREMENT BY 1
    NO MINVALUE
    NO MAXVALUE
    CACHE 1
);


--
-- Name: taller_servicios; Type: TABLE; Schema: public; Owner: postgres
--

CREATE TABLE public.taller_servicios (
    id bigint NOT NULL,
    folio character varying(25) NOT NULL,
    descripcion text NOT NULL,
    status character varying(20) NOT NULL,
    pago_status character varying(20) NOT NULL,
    mano_de_obra numeric(10,2) NOT NULL,
    total_refacciones numeric(10,2) NOT NULL,
    total numeric(10,2) NOT NULL,
    metodo_pago character varying(15),
    monto_pagado numeric(10,2),
    cambio numeric(10,2),
    cliente_notificado boolean NOT NULL,
    fecha_recepcion timestamp with time zone NOT NULL,
    fecha_inicio timestamp with time zone,
    fecha_listo timestamp with time zone,
    fecha_entrega timestamp with time zone,
    asignado_por_id integer,
    cajero_id integer NOT NULL,
    cliente_id bigint,
    mecanico_id integer,
    moto_id bigint,
    sede_id bigint NOT NULL
);


ALTER TABLE public.taller_servicios OWNER TO postgres;

--
-- Name: taller_servicios_id_seq; Type: SEQUENCE; Schema: public; Owner: postgres
--

ALTER TABLE public.taller_servicios ALTER COLUMN id ADD GENERATED BY DEFAULT AS IDENTITY (
    SEQUENCE NAME public.taller_servicios_id_seq
    START WITH 1
    INCREMENT BY 1
    NO MINVALUE
    NO MAXVALUE
    CACHE 1
);


--
-- Name: taller_solicitudes_extra; Type: TABLE; Schema: public; Owner: postgres
--

CREATE TABLE public.taller_solicitudes_extra (
    id bigint NOT NULL,
    cantidad integer NOT NULL,
    motivo text NOT NULL,
    status character varying(15) NOT NULL,
    created_at timestamp with time zone NOT NULL,
    respondido_at timestamp with time zone,
    mecanico_id integer NOT NULL,
    producto_id bigint NOT NULL,
    respondido_por_id integer,
    servicio_id bigint NOT NULL
);


ALTER TABLE public.taller_solicitudes_extra OWNER TO postgres;

--
-- Name: taller_solicitudes_extra_id_seq; Type: SEQUENCE; Schema: public; Owner: postgres
--

ALTER TABLE public.taller_solicitudes_extra ALTER COLUMN id ADD GENERATED BY DEFAULT AS IDENTITY (
    SEQUENCE NAME public.taller_solicitudes_extra_id_seq
    START WITH 1
    INCREMENT BY 1
    NO MINVALUE
    NO MAXVALUE
    CACHE 1
);


--
-- Name: users; Type: TABLE; Schema: public; Owner: postgres
--

CREATE TABLE public.users (
    password character varying(128) NOT NULL,
    last_login timestamp with time zone,
    id integer NOT NULL,
    email character varying(255) NOT NULL,
    first_name character varying(150) NOT NULL,
    last_name character varying(150) NOT NULL,
    role character varying(20) NOT NULL,
    is_active boolean NOT NULL,
    is_staff boolean NOT NULL,
    is_superuser boolean NOT NULL,
    created_at timestamp with time zone NOT NULL,
    updated_at timestamp with time zone NOT NULL,
    sede_id bigint,
    phone character varying(20) NOT NULL,
    locked_until timestamp with time zone,
    login_attempts integer NOT NULL,
    unlock_requested boolean NOT NULL
);


ALTER TABLE public.users OWNER TO postgres;

--
-- Name: users_groups; Type: TABLE; Schema: public; Owner: postgres
--

CREATE TABLE public.users_groups (
    id bigint NOT NULL,
    customuser_id integer NOT NULL,
    group_id integer NOT NULL
);


ALTER TABLE public.users_groups OWNER TO postgres;

--
-- Name: users_groups_id_seq; Type: SEQUENCE; Schema: public; Owner: postgres
--

ALTER TABLE public.users_groups ALTER COLUMN id ADD GENERATED BY DEFAULT AS IDENTITY (
    SEQUENCE NAME public.users_groups_id_seq
    START WITH 1
    INCREMENT BY 1
    NO MINVALUE
    NO MAXVALUE
    CACHE 1
);


--
-- Name: users_id_seq; Type: SEQUENCE; Schema: public; Owner: postgres
--

ALTER TABLE public.users ALTER COLUMN id ADD GENERATED BY DEFAULT AS IDENTITY (
    SEQUENCE NAME public.users_id_seq
    START WITH 1
    INCREMENT BY 1
    NO MINVALUE
    NO MAXVALUE
    CACHE 1
);


--
-- Name: users_login_audit_log; Type: TABLE; Schema: public; Owner: postgres
--

CREATE TABLE public.users_login_audit_log (
    id bigint NOT NULL,
    event_type character varying(30) NOT NULL,
    email character varying(254) NOT NULL,
    ip_address inet,
    "timestamp" timestamp with time zone NOT NULL,
    details text NOT NULL,
    user_id integer
);


ALTER TABLE public.users_login_audit_log OWNER TO postgres;

--
-- Name: users_login_audit_log_id_seq; Type: SEQUENCE; Schema: public; Owner: postgres
--

ALTER TABLE public.users_login_audit_log ALTER COLUMN id ADD GENERATED BY DEFAULT AS IDENTITY (
    SEQUENCE NAME public.users_login_audit_log_id_seq
    START WITH 1
    INCREMENT BY 1
    NO MINVALUE
    NO MAXVALUE
    CACHE 1
);


--
-- Name: users_password_reset_tokens; Type: TABLE; Schema: public; Owner: postgres
--

CREATE TABLE public.users_password_reset_tokens (
    id bigint NOT NULL,
    token uuid NOT NULL,
    created_at timestamp with time zone NOT NULL,
    expires_at timestamp with time zone NOT NULL,
    used boolean NOT NULL,
    user_id integer NOT NULL
);


ALTER TABLE public.users_password_reset_tokens OWNER TO postgres;

--
-- Name: users_password_reset_tokens_id_seq; Type: SEQUENCE; Schema: public; Owner: postgres
--

ALTER TABLE public.users_password_reset_tokens ALTER COLUMN id ADD GENERATED BY DEFAULT AS IDENTITY (
    SEQUENCE NAME public.users_password_reset_tokens_id_seq
    START WITH 1
    INCREMENT BY 1
    NO MINVALUE
    NO MAXVALUE
    CACHE 1
);


--
-- Name: users_turnos; Type: TABLE; Schema: public; Owner: postgres
--

CREATE TABLE public.users_turnos (
    id bigint NOT NULL,
    dia_semana integer NOT NULL,
    hora_inicio time without time zone NOT NULL,
    hora_fin time without time zone NOT NULL,
    is_active boolean NOT NULL,
    sede_id bigint NOT NULL,
    user_id integer NOT NULL
);


ALTER TABLE public.users_turnos OWNER TO postgres;

--
-- Name: users_turnos_id_seq; Type: SEQUENCE; Schema: public; Owner: postgres
--

ALTER TABLE public.users_turnos ALTER COLUMN id ADD GENERATED BY DEFAULT AS IDENTITY (
    SEQUENCE NAME public.users_turnos_id_seq
    START WITH 1
    INCREMENT BY 1
    NO MINVALUE
    NO MAXVALUE
    CACHE 1
);


--
-- Name: users_user_permissions; Type: TABLE; Schema: public; Owner: postgres
--

CREATE TABLE public.users_user_permissions (
    id bigint NOT NULL,
    customuser_id integer NOT NULL,
    permission_id integer NOT NULL
);


ALTER TABLE public.users_user_permissions OWNER TO postgres;

--
-- Name: users_user_permissions_id_seq; Type: SEQUENCE; Schema: public; Owner: postgres
--

ALTER TABLE public.users_user_permissions ALTER COLUMN id ADD GENERATED BY DEFAULT AS IDENTITY (
    SEQUENCE NAME public.users_user_permissions_id_seq
    START WITH 1
    INCREMENT BY 1
    NO MINVALUE
    NO MAXVALUE
    CACHE 1
);


--
-- Data for Name: auth_group; Type: TABLE DATA; Schema: public; Owner: postgres
--

COPY public.auth_group (id, name) FROM stdin;
\.


--
-- Data for Name: auth_group_permissions; Type: TABLE DATA; Schema: public; Owner: postgres
--

COPY public.auth_group_permissions (id, group_id, permission_id) FROM stdin;
\.


--
-- Data for Name: auth_permission; Type: TABLE DATA; Schema: public; Owner: postgres
--

COPY public.auth_permission (id, name, content_type_id, codename) FROM stdin;
1	Can add log entry	1	add_logentry
2	Can change log entry	1	change_logentry
3	Can delete log entry	1	delete_logentry
4	Can view log entry	1	view_logentry
5	Can add permission	2	add_permission
6	Can change permission	2	change_permission
7	Can delete permission	2	delete_permission
8	Can view permission	2	view_permission
9	Can add group	3	add_group
10	Can change group	3	change_group
11	Can delete group	3	delete_group
12	Can view group	3	view_group
13	Can add content type	4	add_contenttype
14	Can change content type	4	change_contenttype
15	Can delete content type	4	delete_contenttype
16	Can view content type	4	view_contenttype
17	Can add session	5	add_session
18	Can change session	5	change_session
19	Can delete session	5	delete_session
20	Can view session	5	view_session
21	Can add Usuario	6	add_customuser
22	Can change Usuario	6	change_customuser
23	Can delete Usuario	6	delete_customuser
24	Can view Usuario	6	view_customuser
25	Can add Sede	7	add_sede
26	Can change Sede	7	change_sede
27	Can delete Sede	7	delete_sede
28	Can view Sede	7	view_sede
29	Can add Entrada de Inventario	8	add_entradainventario
30	Can change Entrada de Inventario	8	change_entradainventario
31	Can delete Entrada de Inventario	8	delete_entradainventario
32	Can view Entrada de Inventario	8	view_entradainventario
33	Can add Producto	9	add_producto
34	Can change Producto	9	change_producto
35	Can delete Producto	9	delete_producto
36	Can view Producto	9	view_producto
37	Can add Categoría	10	add_categoria
38	Can change Categoría	10	change_categoria
39	Can delete Categoría	10	delete_categoria
40	Can view Categoría	10	view_categoria
41	Can add Stock	11	add_stock
42	Can change Stock	11	change_stock
43	Can delete Stock	11	delete_stock
44	Can view Stock	11	view_stock
45	Can add Ítem de Auditoría	12	add_auditoriaitem
46	Can change Ítem de Auditoría	12	change_auditoriaitem
47	Can delete Ítem de Auditoría	12	delete_auditoriaitem
48	Can view Ítem de Auditoría	12	view_auditoriaitem
49	Can add Auditoría de Inventario	13	add_auditoriainventario
50	Can change Auditoría de Inventario	13	change_auditoriainventario
51	Can delete Auditoría de Inventario	13	delete_auditoriainventario
52	Can view Auditoría de Inventario	13	view_auditoriainventario
53	Can add Turno	14	add_turno
54	Can change Turno	14	change_turno
55	Can delete Turno	14	delete_turno
56	Can view Turno	14	view_turno
57	Can add Token de restablecimiento	15	add_passwordresettoken
58	Can change Token de restablecimiento	15	change_passwordresettoken
59	Can delete Token de restablecimiento	15	delete_passwordresettoken
60	Can view Token de restablecimiento	15	view_passwordresettoken
61	Can add Registro de acceso	16	add_loginauditlog
62	Can change Registro de acceso	16	change_loginauditlog
63	Can delete Registro de acceso	16	delete_loginauditlog
64	Can view Registro de acceso	16	view_loginauditlog
65	Can add Marca Fabricante	17	add_marcafabricante
66	Can change Marca Fabricante	17	change_marcafabricante
67	Can delete Marca Fabricante	17	delete_marcafabricante
68	Can view Marca Fabricante	17	view_marcafabricante
69	Can add Marca de Moto	18	add_marcamoto
70	Can change Marca de Moto	18	change_marcamoto
71	Can delete Marca de Moto	18	delete_marcamoto
72	Can view Marca de Moto	18	view_marcamoto
73	Can add Modelo de Moto	19	add_modelomoto
74	Can change Modelo de Moto	19	change_modelomoto
75	Can delete Modelo de Moto	19	delete_modelomoto
76	Can view Modelo de Moto	19	view_modelomoto
77	Can add Compatibilidad	20	add_compatibilidadpieza
78	Can change Compatibilidad	20	change_compatibilidadpieza
79	Can delete Compatibilidad	20	delete_compatibilidadpieza
80	Can view Compatibilidad	20	view_compatibilidadpieza
81	Can add Subcategoría	21	add_subcategoria
82	Can change Subcategoría	21	change_subcategoria
83	Can delete Subcategoría	21	delete_subcategoria
84	Can view Subcategoría	21	view_subcategoria
85	Can add Ítem de Venta	22	add_ventaitem
86	Can change Ítem de Venta	22	change_ventaitem
87	Can delete Ítem de Venta	22	delete_ventaitem
88	Can view Ítem de Venta	22	view_ventaitem
89	Can add Venta	23	add_venta
90	Can change Venta	23	change_venta
91	Can delete Venta	23	delete_venta
92	Can view Venta	23	view_venta
93	Can add Código de apertura	24	add_codigoapertura
94	Can change Código de apertura	24	change_codigoapertura
95	Can delete Código de apertura	24	delete_codigoapertura
96	Can view Código de apertura	24	view_codigoapertura
97	Can add Apertura de caja	25	add_aperturacaja
98	Can change Apertura de caja	25	change_aperturacaja
99	Can delete Apertura de caja	25	delete_aperturacaja
100	Can view Apertura de caja	25	view_aperturacaja
101	Can add Configuración fiscal de sede	26	add_configuracionfiscalsede
102	Can change Configuración fiscal de sede	26	change_configuracionfiscalsede
103	Can delete Configuración fiscal de sede	26	delete_configuracionfiscalsede
104	Can view Configuración fiscal de sede	26	view_configuracionfiscalsede
105	Can add Perfil de cliente	27	add_clienteprofile
106	Can change Perfil de cliente	27	change_clienteprofile
107	Can delete Perfil de cliente	27	delete_clienteprofile
108	Can view Perfil de cliente	27	view_clienteprofile
109	Can add Ítem de Pedido	28	add_pedidobodegaitem
110	Can change Ítem de Pedido	28	change_pedidobodegaitem
111	Can delete Ítem de Pedido	28	delete_pedidobodegaitem
112	Can view Ítem de Pedido	28	view_pedidobodegaitem
113	Can add Pedido de Bodega	29	add_pedidobodega
114	Can change Pedido de Bodega	29	change_pedidobodega
115	Can delete Pedido de Bodega	29	delete_pedidobodega
116	Can view Pedido de Bodega	29	view_pedidobodega
117	Can add Reporte de caja	30	add_reportecaja
118	Can change Reporte de caja	30	change_reportecaja
119	Can delete Reporte de caja	30	delete_reportecaja
120	Can view Reporte de caja	30	view_reportecaja
121	Can add Servicio	31	add_serviciomoto
122	Can change Servicio	31	change_serviciomoto
123	Can delete Servicio	31	delete_serviciomoto
124	Can view Servicio	31	view_serviciomoto
125	Can add Solicitud de refacción extra	32	add_solicitudrefaccionextra
126	Can change Solicitud de refacción extra	32	change_solicitudrefaccionextra
127	Can delete Solicitud de refacción extra	32	delete_solicitudrefaccionextra
128	Can view Solicitud de refacción extra	32	view_solicitudrefaccionextra
129	Can add Ítem de servicio	33	add_servicioitem
130	Can change Ítem de servicio	33	change_servicioitem
131	Can delete Ítem de servicio	33	delete_servicioitem
132	Can view Ítem de servicio	33	view_servicioitem
133	Can add Moto del cliente	34	add_motocliente
134	Can change Moto del cliente	34	change_motocliente
135	Can delete Moto del cliente	34	delete_motocliente
136	Can view Moto del cliente	34	view_motocliente
\.


--
-- Data for Name: billing_config_fiscal_sede; Type: TABLE DATA; Schema: public; Owner: postgres
--

COPY public.billing_config_fiscal_sede (id, nombre_comercial, nombre_legal, rfc, direccion, telefono, email, logo_url, leyenda_ticket, created_at, updated_at, sede_id) FROM stdin;
1	Moto Q Fox	Moto Q Fox	1234560000000	av. Ejido calzada pie de la cuesta #6	7445514025	motoqfox@gmail.com		Gracias por su compra. Este documento no es una factura fiscal.	2026-03-10 09:16:47.386972-06	2026-03-10 09:16:47.386972-06	1
\.


--
-- Data for Name: branches_sedes; Type: TABLE DATA; Schema: public; Owner: postgres
--

COPY public.branches_sedes (id, name, address, phone, is_active, created_at, updated_at) FROM stdin;
2	Sucursal Norte	Av. Ejido, Colonia Hoogar moderno	7445514025	t	2026-02-25 23:01:21.149501-06	2026-02-26 10:40:42.332354-06
1	Sucursal Central	Av. Moto 100, Col. Centro	555-0001	t	2026-02-25 22:50:05.758274-06	2026-02-27 10:55:34.688121-06
\.


--
-- Data for Name: customers_perfiles; Type: TABLE DATA; Schema: public; Owner: postgres
--

COPY public.customers_perfiles (id, telefono, fecha_nac, qr_token, foto_url, puntos, created_at, usuario_id) FROM stdin;
1	7445514025	2004-07-09	b4c82e8a-7ffc-42e3-ac65-6ce299eae845		0	2026-03-11 09:50:09.837913-06	11
2	1234567890	2000-01-05	746b1936-09f9-4b1e-bf80-75141a6367a7		0	2026-03-11 22:39:11.274878-06	12
3	7445514025	2003-12-02	eeb4cb2d-5c70-4b53-88d5-00007fb44015		0	2026-03-12 12:29:31.739004-06	13
\.


--
-- Data for Name: django_admin_log; Type: TABLE DATA; Schema: public; Owner: postgres
--

COPY public.django_admin_log (id, action_time, object_id, object_repr, action_flag, change_message, content_type_id, user_id) FROM stdin;
\.


--
-- Data for Name: django_content_type; Type: TABLE DATA; Schema: public; Owner: postgres
--

COPY public.django_content_type (id, app_label, model) FROM stdin;
1	admin	logentry
2	auth	permission
3	auth	group
4	contenttypes	contenttype
5	sessions	session
6	users	customuser
7	branches	sede
8	inventory	entradainventario
9	inventory	producto
10	inventory	categoria
11	inventory	stock
12	inventory	auditoriaitem
13	inventory	auditoriainventario
14	users	turno
15	users	passwordresettoken
16	users	loginauditlog
17	inventory	marcafabricante
18	inventory	marcamoto
19	inventory	modelomoto
20	inventory	compatibilidadpieza
21	inventory	subcategoria
22	sales	ventaitem
23	sales	venta
24	sales	codigoapertura
25	sales	aperturacaja
26	billing	configuracionfiscalsede
27	customers	clienteprofile
28	pedidos	pedidobodegaitem
29	pedidos	pedidobodega
30	sales	reportecaja
31	taller	serviciomoto
32	taller	solicitudrefaccionextra
33	taller	servicioitem
34	taller	motocliente
\.


--
-- Data for Name: django_migrations; Type: TABLE DATA; Schema: public; Owner: postgres
--

COPY public.django_migrations (id, app, name, applied) FROM stdin;
1	contenttypes	0001_initial	2026-01-05 23:19:44.730274-06
2	contenttypes	0002_remove_content_type_name	2026-01-05 23:19:44.752464-06
3	auth	0001_initial	2026-01-05 23:19:44.834122-06
4	auth	0002_alter_permission_name_max_length	2026-01-05 23:19:44.842906-06
5	auth	0003_alter_user_email_max_length	2026-01-05 23:19:44.850567-06
6	auth	0004_alter_user_username_opts	2026-01-05 23:19:44.860961-06
7	auth	0005_alter_user_last_login_null	2026-01-05 23:19:44.869272-06
8	auth	0006_require_contenttypes_0002	2026-01-05 23:19:44.872498-06
9	auth	0007_alter_validators_add_error_messages	2026-01-05 23:19:44.88198-06
10	auth	0008_alter_user_username_max_length	2026-01-05 23:19:44.891127-06
11	auth	0009_alter_user_last_name_max_length	2026-01-05 23:19:44.898398-06
12	auth	0010_alter_group_name_max_length	2026-01-05 23:19:44.915972-06
13	auth	0011_update_proxy_permissions	2026-01-05 23:19:44.927982-06
14	auth	0012_alter_user_first_name_max_length	2026-01-05 23:19:44.936586-06
15	users	0001_initial	2026-01-05 23:19:45.011653-06
16	admin	0001_initial	2026-01-05 23:19:45.050245-06
17	admin	0002_logentry_remove_auto_add	2026-01-05 23:19:45.062105-06
18	admin	0003_logentry_add_action_flag_choices	2026-01-05 23:19:45.072909-06
19	sessions	0001_initial	2026-01-05 23:19:45.091376-06
20	branches	0001_initial	2026-02-25 16:58:41.870334-06
21	users	0002_customuser_sede	2026-02-25 16:58:41.910337-06
22	inventory	0001_initial	2026-02-25 23:18:04.859695-06
23	users	0003_alter_customuser_role_turno	2026-02-26 10:34:51.126519-06
24	users	0004_customuser_phone	2026-02-26 21:42:11.073671-06
25	users	0005_customuser_locked_until_customuser_login_attempts_and_more	2026-02-26 22:38:57.458065-06
26	users	0006_loginauditlog	2026-02-26 22:58:52.841563-06
27	inventory	0002_marcafabricante_marcamoto_producto_codigo_barras_and_more	2026-02-27 13:32:43.990716-06
28	inventory	0003_producto_imagen	2026-03-01 21:23:06.205651-06
29	sales	0001_initial	2026-03-03 20:59:13.846688-06
30	sales	0002_codigoapertura_aperturacaja_and_more	2026-03-09 13:10:35.509359-06
31	billing	0001_initial	2026-03-10 09:14:15.662741-06
32	customers	0001_initial	2026-03-11 09:44:12.817866-06
33	sales	0003_venta_cliente_venta_puntos_ganados	2026-03-11 09:44:12.926223-06
34	pedidos	0001_initial	2026-03-11 23:09:38.261771-06
35	sales	0004_reportecaja	2026-03-13 09:29:26.750245-06
36	taller	0001_initial	2026-03-16 14:33:10.607932-06
37	inventory	0004_stock_stock_sede_qty_idx_and_more	2026-03-17 13:38:16.74413-06
38	sales	0005_aperturacaja_apertura_cajero_status_idx_and_more	2026-03-17 13:38:17.003757-06
39	users	0007_alter_customuser_role_and_more	2026-03-17 13:38:17.11677-06
\.


--
-- Data for Name: django_session; Type: TABLE DATA; Schema: public; Owner: postgres
--

COPY public.django_session (session_key, session_data, expire_date) FROM stdin;
grpckorjckwhjrrqxzbnom8iq1fy9zh9	.eJxVjDsOwjAQBe_iGlnrT4JDSZ8zROvdNQ4gW4qTCnF3iJQC2jcz76Um3NY8bU2WaWZ1UUadfreI9JCyA75juVVNtazLHPWu6IM2PVaW5_Vw_w4ytvyt4ew4mkEInY0WkWIC6El6EUDwgCaYFCh5sT5Yk9B44E4G58AzUqfeH_-UOF8:1vczVN:iY1s0TPMEwA9IljC1UlMN1wh2IwEFHrMSS-BRw_dTuQ	2026-01-19 23:21:17.933895-06
\.


--
-- Data for Name: inventory_auditoria_items; Type: TABLE DATA; Schema: public; Owner: postgres
--

COPY public.inventory_auditoria_items (id, stock_sistema, stock_fisico, auditoria_id, producto_id) FROM stdin;
\.


--
-- Data for Name: inventory_auditorias; Type: TABLE DATA; Schema: public; Owner: postgres
--

COPY public.inventory_auditorias (id, fecha, status, created_at, updated_at, created_by_id, sede_id) FROM stdin;
\.


--
-- Data for Name: inventory_categorias; Type: TABLE DATA; Schema: public; Owner: postgres
--

COPY public.inventory_categorias (id, name, description, is_active, created_at) FROM stdin;
1	Motor	Categoría: Motor	t	2026-02-27 13:32:56.471964-06
2	Transmisión	Categoría: Transmisión	t	2026-02-27 13:32:56.510554-06
3	Frenos	Categoría: Frenos	t	2026-02-27 13:32:56.531554-06
4	Suspensión	Categoría: Suspensión	t	2026-02-27 13:32:56.557554-06
5	Sistema Eléctrico	Categoría: Sistema Eléctrico	t	2026-02-27 13:32:56.577553-06
6	Sistema de Combustible	Categoría: Sistema de Combustible	t	2026-02-27 13:32:56.60986-06
7	Carrocería y Plásticos	Categoría: Carrocería y Plásticos	t	2026-02-27 13:32:56.63086-06
8	Ruedas y Llantas	Categoría: Ruedas y Llantas	t	2026-02-27 13:32:56.653861-06
9	Escape	Categoría: Escape	t	2026-02-27 13:32:56.675264-06
10	Lubricantes y Fluidos	Categoría: Lubricantes y Fluidos	t	2026-02-27 13:32:56.686347-06
11	Accesorios y Ergonomía	Categoría: Accesorios y Ergonomía	t	2026-02-27 13:32:56.705896-06
12	Kits y Mantenimiento	Categoría: Kits y Mantenimiento	t	2026-02-27 13:32:56.722898-06
\.


--
-- Data for Name: inventory_compatibilidad_pieza; Type: TABLE DATA; Schema: public; Owner: postgres
--

COPY public.inventory_compatibilidad_pieza (id, "año_desde", "año_hasta", nota, producto_id, modelo_moto_id) FROM stdin;
1	\N	\N		1	1
2	\N	\N		1	4
3	\N	\N		1	8
4	\N	\N		2	1
5	\N	\N		2	4
6	\N	\N		4	1
7	\N	\N		4	3
8	\N	\N		5	1
9	\N	\N		5	3
10	\N	\N		5	11
11	\N	\N		6	1
12	\N	\N		6	3
13	\N	\N		9	1
14	\N	\N		9	3
15	\N	\N		10	4
16	\N	\N		10	5
17	\N	\N		11	7
18	\N	\N		12	1
19	\N	\N		12	3
20	\N	\N		12	4
21	\N	\N		13	1
22	\N	\N		13	4
23	\N	\N		13	8
24	\N	\N		13	13
25	\N	\N		14	1
26	\N	\N		14	3
27	\N	\N		15	1
28	\N	\N		15	3
29	\N	\N		16	1
30	\N	\N		16	3
31	\N	\N		19	1
32	\N	\N		19	3
33	\N	\N		20	1
34	\N	\N		20	3
35	\N	\N		8	8
36	\N	\N		8	22
37	\N	\N		8	24
\.


--
-- Data for Name: inventory_entradas; Type: TABLE DATA; Schema: public; Owner: postgres
--

COPY public.inventory_entradas (id, quantity, cost_unit, notes, created_at, created_by_id, sede_id, producto_id) FROM stdin;
1	100	95.00		2026-03-01 21:30:30.840999-06	2	2	8
2	80	60.00		2026-03-02 13:47:54.041617-06	2	2	3
3	100	145.00		2026-03-03 21:04:51.547352-06	2	2	7
4	100	120.00		2026-03-03 21:15:54.336249-06	2	2	9
5	50	380.00		2026-03-03 21:16:15.728144-06	2	2	13
6	100	85.00		2026-03-03 21:16:36.48187-06	2	2	12
7	70	180.00		2026-03-03 21:16:57.624564-06	2	2	5
8	100	350.00		2026-03-03 21:17:16.271279-06	2	2	11
9	100	125.00		2026-03-03 21:17:37.904198-06	2	2	19
10	50	100.00		2026-03-09 12:42:05.898934-06	7	1	8
11	50	320.00		2026-03-09 12:46:07.168715-06	7	1	9
12	100	85.00		2026-03-12 14:12:36.215105-06	7	1	3
\.


--
-- Data for Name: inventory_marcas_fabricante; Type: TABLE DATA; Schema: public; Owner: postgres
--

COPY public.inventory_marcas_fabricante (id, name, tipo, pais, is_active) FROM stdin;
1	NGK	AFTERMARKET	Japón	t
2	AHL	AFTERMARKET	China	t
3	BREMBO	AFTERMARKET	Italia	t
4	EBC	AFTERMARKET	Reino Unido	t
5	Motul	AFTERMARKET	Francia	t
6	Bardahl	AFTERMARKET	México	t
7	Mobil	AFTERMARKET	EUA	t
8	OEM Honda	OEM	Japón	t
9	OEM Yamaha	OEM	Japón	t
10	OEM Italika	OEM	México	t
11	Genérico	GENERICO		t
\.


--
-- Data for Name: inventory_marcas_moto; Type: TABLE DATA; Schema: public; Owner: postgres
--

COPY public.inventory_marcas_moto (id, name, is_active) FROM stdin;
1	Italika	t
2	Honda	t
3	Yamaha	t
4	Suzuki	t
5	Carabela	t
6	Vento	t
7	Benelli	t
8	Bajaj	t
\.


--
-- Data for Name: inventory_modelos_moto; Type: TABLE DATA; Schema: public; Owner: postgres
--

COPY public.inventory_modelos_moto (id, modelo, "año_desde", "año_hasta", cilindraje, tipo_motor, tipo_moto, is_active, marca_id) FROM stdin;
1	FT125	2015	\N	125	4T	CARGO	t	1
2	FT150	2018	\N	150	4T	CARGO	t	1
3	DT125	2015	\N	125	4T	CARGO	t	1
4	WS150	2018	\N	150	4T	NAKED	t	1
5	TC200	2020	\N	200	4T	NAKED	t	1
6	X150	2018	\N	150	4T	DEPORTIVA	t	1
7	AT110	2016	\N	110	4T	SCOOTER	t	1
8	CB125F	2019	\N	125	4T	NAKED	t	2
9	CB190R	2018	\N	190	4T	NAKED	t	2
10	XR125L	2016	\N	125	4T	OFF_ROAD	t	2
11	Wave 110	2017	\N	110	4T	CARGO	t	2
12	PCX150	2018	\N	150	4T	SCOOTER	t	2
13	YBR125	2015	\N	125	4T	NAKED	t	3
14	FZ15	2018	\N	150	4T	NAKED	t	3
15	XT125X	2016	\N	125	4T	OFF_ROAD	t	3
16	FZ25	2019	\N	250	4T	NAKED	t	3
17	GN125	2015	\N	125	4T	NAKED	t	4
18	GS150	2018	\N	150	4T	NAKED	t	4
19	TT125	2016	\N	125	4T	CARGO	t	5
20	Runner200	2019	\N	200	4T	NAKED	t	5
21	Crossmax125	2017	\N	125	4T	NAKED	t	6
22	TNT15N	2019	\N	150	4T	NAKED	t	7
23	TRK251	2020	\N	250	4T	NAKED	t	7
24	Pulsar NS125	2019	\N	125	4T	DEPORTIVA	t	8
25	Pulsar NS200	2018	\N	200	4T	DEPORTIVA	t	8
26	CT100	2016	\N	100	4T	CARGO	t	8
\.


--
-- Data for Name: inventory_productos; Type: TABLE DATA; Schema: public; Owner: postgres
--

COPY public.inventory_productos (id, sku, name, description, price, cost, is_active, created_at, updated_at, categoria_id, codigo_barras, es_descontinuado, es_universal, numero_parte_aftermarket, numero_parte_oem, peso_kg, precio_mayoreo, tipo_parte, ubicacion_almacen, unidad_medida, marca_fabricante_id, subcategoria_id, imagen) FROM stdin;
7	ACEITE-MOTUL-4T-10W40-1L	Aceite Motor Motul 4T 10W-40 1 Litro	Aceite semisintético para motores 4T. Viscosidad 10W-40. Protección máxima.	145.00	58.00	t	2026-02-27 13:32:57.064567-06	2026-03-02 08:27:59.173202-06	10	3374650229117	f	t			\N	116.00	AFTERMARKET	C-01-1-A	LITRO	5	\N	products/Aceite_Motor_Motul_4T_10W-40_1_Litro.png
9	AMORT-TRA-ITALIKA-FT125	Amortiguador Trasero Italika FT125 (par)	Par de amortiguadores traseros. Longitud 330mm. Compatible FT125 y DT125 2015+.	320.00	128.00	t	2026-02-27 13:32:57.082621-06	2026-03-02 08:36:04.618226-06	4	7501234567898	f	f		52400-GGY-901	\N	256.00	AFTERMARKET	A-04-2-A	PAR	2	\N	products/Amortiguador_Trasero_Italika_FT125_par.png
13	BATERIA-YTX5L-BS	Batería YTX5L-BS 12V 5Ah	Batería sellada libre de mantenimiento. 12V 5Ah. Para motos de 110-150cc.	380.00	152.00	t	2026-02-27 13:32:57.160668-06	2026-03-02 08:45:31.468115-06	5	7501234567902	f	f		YTX5L-BS	\N	304.00	AFTERMARKET	B-01-1-A	PIEZA	11	\N	products/Batería_YTX5L-BS_12V_5Ah.png
3	BUJIA-NGK-CR7HSA	Bujía NGK CR7HSA	Bujía original NGK para motores 4T de 110cc a 150cc. Electrodo de níquel.	85.00	32.00	t	2026-02-27 13:32:56.990334-06	2026-03-02 08:46:48.204202-06	5	7501234567893	f	t		CR7HSA	\N	68.00	AFTERMARKET	B-02-1-A	PIEZA	1	\N	products/Bujía_NGK_CR7HSA.png
12	CABLE-CLUTCH-ITALIKA	Cable de Clutch Universal Italika	Cable de embrague para modelos FT125, DT125 y WT150. Longitud 120cm.	85.00	34.00	t	2026-02-27 13:32:57.135668-06	2026-03-02 08:48:54.690929-06	2	7501234567901	f	f			\N	68.00	AFTERMARKET	A-03-2-A	PIEZA	11	\N	products/Cable_de_Clutch_Universal_Italika.png
5	CADENA-428H-120E	Cadena de Transmisión 428H 120 Eslabones	Cadena reforzada 428H para motos de trabajo y cargo. Incluye remache.	180.00	72.00	t	2026-02-27 13:32:57.018584-06	2026-03-02 08:51:16.287004-06	2	7501234567895	f	f		40530-GGY-901	\N	144.00	AFTERMARKET	A-03-1-A	PIEZA	2	\N	products/cadena_de_transmisión_.png
11	CARB-KEIHIN-PB16	Carburador PB16 tipo Keihin	Carburador de 16mm compatible con la mayoría de scooters y motos 50-110cc automáticas.	350.00	140.00	t	2026-02-27 13:32:57.121668-06	2026-03-02 08:54:19.917497-06	6	7501234567900	f	f			\N	280.00	AFTERMARKET	B-03-1-A	PIEZA	11	\N	products/Carburador_PB16_tipo_Keihin.png
19	CDI-ITALIKA-FT125	CDI / Módulo de Encendido Italika FT125	Unidad CDI de repuesto para Italika FT125 y DT125. Equivalente al original.	180.00	72.00	t	2026-02-27 13:32:57.27008-06	2026-03-02 08:58:27.264329-06	5	7501234567908	f	f		30400-GGY-901	\N	144.00	AFTERMARKET	B-01-2-A	PIEZA	11	\N	products/CDI_Módulo_de_Encendido_Italika_FT125.png
10	DISCO-DEL-ITALIKA-WS150	Disco de Freno Delantero Italika WS150	Disco ventilado de 220mm. Acero inoxidable. Para modelos WS150 y TC200.	250.00	100.00	t	2026-02-27 13:32:57.101949-06	2026-03-02 08:59:45.777042-06	3	7501234567899	f	f		45251-GBY-901	\N	200.00	AFTERMARKET	A-01-3-A	PIEZA	2	\N	products/Disco_de_Freno_Delantero_Italika_WS150.png
4	FILT-ACE-ITALIKA-FT125	Filtro de Aceite Italika FT125/DT125	Filtro de aceite OEM para motores Italika de 125cc. Reemplazos cada 2,000 km.	65.00	28.00	t	2026-02-27 13:32:56.998568-06	2026-03-02 09:02:14.564383-06	1	7501234567894	f	f		ITA-FT125-OIL-FILTER	\N	52.00	OEM	A-02-1-A	PIEZA	10	\N	products/Filtro_de_Aceite_Italika_FT125-DT125.png
14	FILT-AIRE-ITALIKA-FT125	Filtro de Aire Italika FT125	Filtro de espuma para caja de filtro original. Evita la entrada de polvo al carburador.	55.00	22.00	t	2026-02-27 13:32:57.19074-06	2026-03-02 09:03:16.390232-06	1	7501234567903	f	f		ITA-FT125-AIR-FILTER	\N	44.00	OEM	A-02-1-B	PIEZA	10	\N	products/Filtro_de_Aire_Italika_FT125.png
6	KIT-CADEN-ITALIKA-FT125	Kit Cadena + Piñones Italika FT125	Kit completo: cadena 428H 120E + piñón delantero 15T + corona trasera 39T.	380.00	152.00	t	2026-02-27 13:32:57.044568-06	2026-03-02 09:04:21.026471-06	2	7501234567896	f	f			\N	304.00	AFTERMARKET	A-03-1-B	KIT	2	\N	products/Kit_Cadena__Piñones_Italika_FT125.png
20	KIT-FRENOS-ITALIKA-FT125	Kit de Frenos Completo Italika FT125	Kit: pastillas delanteras + pastillas traseras + líquido DOT3. Para mantenimiento preventivo.	280.00	112.00	t	2026-02-27 13:32:57.290166-06	2026-03-02 09:06:07.966687-06	12	7501234567909	f	f			\N	224.00	AFTERMARKET	A-01-4-A	KIT	2	\N	products/Kit_de_Frenos_Completo_Italika_FT125.png
15	EMPAQUE-MOTOR-ITALIKA-FT125	Kit Empaques Motor Italika FT125	Juego completo de empaques: cabeza, cilindro, carter y tapa. Para overhaul de motor.	220.00	88.00	t	2026-02-27 13:32:57.212094-06	2026-03-02 09:07:33.452997-06	1	7501234567904	f	f			\N	176.00	AFTERMARKET	A-02-2-A	KIT	11	\N	products/Kit_Empaques_Motor_Italika_FT125.png
17	LLANTA-DEL-275-17	Llanta Delantera 2.75-17 Tubo	Llanta con tubo para rin de 17". Diseño multiuso. Compatible con la mayoría de cargo 125-150cc.	280.00	112.00	t	2026-02-27 13:32:57.252079-06	2026-03-02 09:08:30.726466-06	8	7501234567906	f	t			\N	224.00	AFTERMARKET	D-01-1-A	PIEZA	11	\N	products/Llanta_Delantera_2.75-17_Tubo.png
18	LLANTA-TRA-300-17	Llanta Trasera 3.00-17 Tubo	Llanta con tubo para rin trasero de 17". Para motos de carga y trabajo.	320.00	128.00	t	2026-02-27 13:32:57.261079-06	2026-03-02 09:09:32.208561-06	8	7501234567907	f	t			\N	256.00	AFTERMARKET	D-01-1-B	PIEZA	11	\N	products/Llanta_Trasera_3.00-17_Tubo.png
1	PAST-DEL-AHL-001	Pastilla de Freno Delantera AHL	Par de pastillas semimetálicas para freno de disco hidráulico. Alta resistencia al calor.	120.00	48.00	t	2026-02-27 13:32:56.939294-06	2026-03-02 09:11:20.054077-06	3	7501234567891	f	f		45105-GBY-901	\N	95.00	AFTERMARKET	A-01-2-A	PAR	2	\N	products/Pastilla_de_Freno_Delantera_AHL.png
2	PAST-TRA-AHL-001	Pastilla de Freno Trasera AHL	Par de pastillas para freno de disco trasero. Compatible con modelos de 125cc a 150cc.	110.00	44.00	t	2026-02-27 13:32:56.971294-06	2026-03-02 09:13:42.01951-06	3	7501234567892	f	f		43105-GBY-901	\N	88.00	AFTERMARKET	A-01-2-B	PAR	2	\N	products/Pastilla_de_Freno_Trasera_AHL.png
16	PISTON-STD-ITALIKA-FT125	Pistón con Segmentos STD Italika FT125	Pistón diámetro 52.4mm STD con anillos de compresión y aceite. Material: aluminio forjado.	450.00	180.00	t	2026-02-27 13:32:57.232079-06	2026-03-02 09:14:51.181123-06	1	7501234567905	f	f		13101-GGY-901	\N	360.00	AFTERMARKET	A-02-3-A	KIT	11	\N	products/Pistón_con_Segmentos_STD_Italika_FT125.png
8	ACEITE-BARDAHL-4T-20W50-1L	Aceite Motor Bardahl 4T 20W-50 1 Litro	Aceite mineral para motores 4T. Ideal para clima cálido. Protección antidesgaste.	95.00	38.00	t	2026-02-27 13:32:57.073567-06	2026-03-02 13:45:52.649682-06	10	7501017600011	f	f			\N	76.00	AFTERMARKET	C-01-1-B	LITRO	6	\N	products/Bardahl_Aceite_para_Motos_Recreativas_y_de_Trabajo_4T.png
\.


--
-- Data for Name: inventory_stock; Type: TABLE DATA; Schema: public; Owner: postgres
--

COPY public.inventory_stock (id, quantity, min_quantity, updated_at, producto_id, sede_id) FROM stdin;
2	80	5	2026-03-02 13:47:54.060172-06	3	2
4	100	5	2026-03-03 21:15:54.346251-06	9	2
5	50	5	2026-03-03 21:16:15.736139-06	13	2
6	100	5	2026-03-03 21:16:36.491872-06	12	2
7	70	5	2026-03-03 21:16:57.633569-06	5	2
8	100	5	2026-03-03 21:17:16.278855-06	11	2
9	100	5	2026-03-03 21:17:37.911198-06	19	2
3	99	5	2026-03-03 21:04:51.558367-06	7	2
1	98	5	2026-03-01 21:30:30.859516-06	8	2
12	100	5	2026-03-12 14:12:36.240906-06	3	1
11	49	5	2026-03-09 12:46:07.180632-06	9	1
10	45	5	2026-03-09 12:42:05.926995-06	8	1
\.


--
-- Data for Name: inventory_subcategorias; Type: TABLE DATA; Schema: public; Owner: postgres
--

COPY public.inventory_subcategorias (id, name, description, is_active, created_at, categoria_id) FROM stdin;
1	Pistón y Segmentos	Motor › Pistón y Segmentos	t	2026-02-27 13:32:56.484001-06	1
2	Cilindro y Cabeza	Motor › Cilindro y Cabeza	t	2026-02-27 13:32:56.488001-06	1
3	Válvulas y Muelles	Motor › Válvulas y Muelles	t	2026-02-27 13:32:56.491001-06	1
4	Cigüeñal y Biela	Motor › Cigüeñal y Biela	t	2026-02-27 13:32:56.494001-06	1
5	Árbol de Levas	Motor › Árbol de Levas	t	2026-02-27 13:32:56.496515-06	1
6	Empaques y Retenes	Motor › Empaques y Retenes	t	2026-02-27 13:32:56.498554-06	1
7	Filtro de Aceite	Motor › Filtro de Aceite	t	2026-02-27 13:32:56.501554-06	1
8	Tapón de Aceite	Motor › Tapón de Aceite	t	2026-02-27 13:32:56.504554-06	1
9	Kit de Motor Completo	Motor › Kit de Motor Completo	t	2026-02-27 13:32:56.507554-06	1
10	Cadena de Transmisión	Transmisión › Cadena de Transmisión	t	2026-02-27 13:32:56.513554-06	2
11	Piñón Delantero	Transmisión › Piñón Delantero	t	2026-02-27 13:32:56.515554-06	2
12	Corona Trasera	Transmisión › Corona Trasera	t	2026-02-27 13:32:56.518554-06	2
13	Kit Cadena + Piñones	Transmisión › Kit Cadena + Piñones	t	2026-02-27 13:32:56.521553-06	2
14	Clutch (Discos, Plato, Resortes)	Transmisión › Clutch (Discos, Plato, Resortes)	t	2026-02-27 13:32:56.523554-06	2
15	Cable de Clutch	Transmisión › Cable de Clutch	t	2026-02-27 13:32:56.526554-06	2
16	CVT / Correa (automáticas)	Transmisión › CVT / Correa (automáticas)	t	2026-02-27 13:32:56.529554-06	2
17	Balatas / Pastillas Delanteras	Frenos › Balatas / Pastillas Delanteras	t	2026-02-27 13:32:56.534554-06	3
18	Balatas / Pastillas Traseras	Frenos › Balatas / Pastillas Traseras	t	2026-02-27 13:32:56.537553-06	3
19	Disco de Freno Delantero	Frenos › Disco de Freno Delantero	t	2026-02-27 13:32:56.540554-06	3
20	Disco de Freno Trasero	Frenos › Disco de Freno Trasero	t	2026-02-27 13:32:56.543556-06	3
21	Zapatas de Tambor	Frenos › Zapatas de Tambor	t	2026-02-27 13:32:56.546554-06	3
22	Cilindro Maestro	Frenos › Cilindro Maestro	t	2026-02-27 13:32:56.549554-06	3
23	Manguera de Freno	Frenos › Manguera de Freno	t	2026-02-27 13:32:56.552554-06	3
24	Líquido de Frenos	Frenos › Líquido de Frenos	t	2026-02-27 13:32:56.555554-06	3
25	Horquilla Delantera (par)	Suspensión › Horquilla Delantera (par)	t	2026-02-27 13:32:56.560554-06	4
26	Amortiguador Trasero (par)	Suspensión › Amortiguador Trasero (par)	t	2026-02-27 13:32:56.563554-06	4
27	Resorte de Horquilla	Suspensión › Resorte de Horquilla	t	2026-02-27 13:32:56.565554-06	4
28	Aceite de Horquilla	Suspensión › Aceite de Horquilla	t	2026-02-27 13:32:56.568554-06	4
29	Buje / Bocín	Suspensión › Buje / Bocín	t	2026-02-27 13:32:56.571554-06	4
30	Brazo Oscilante	Suspensión › Brazo Oscilante	t	2026-02-27 13:32:56.574554-06	4
31	Batería	Sistema Eléctrico › Batería	t	2026-02-27 13:32:56.582307-06	5
32	Bujía	Sistema Eléctrico › Bujía	t	2026-02-27 13:32:56.584307-06	5
33	Bobina de Encendido	Sistema Eléctrico › Bobina de Encendido	t	2026-02-27 13:32:56.587307-06	5
34	CDI / Módulo de Encendido	Sistema Eléctrico › CDI / Módulo de Encendido	t	2026-02-27 13:32:56.589307-06	5
35	Regulador / Rectificador	Sistema Eléctrico › Regulador / Rectificador	t	2026-02-27 13:32:56.592308-06	5
36	Faros y Ópticas	Sistema Eléctrico › Faros y Ópticas	t	2026-02-27 13:32:56.596307-06	5
37	Interruptores / Switchera	Sistema Eléctrico › Interruptores / Switchera	t	2026-02-27 13:32:56.59886-06	5
38	Arnés de Cableado	Sistema Eléctrico › Arnés de Cableado	t	2026-02-27 13:32:56.60186-06	5
39	Relay y Fusibles	Sistema Eléctrico › Relay y Fusibles	t	2026-02-27 13:32:56.604861-06	5
40	Sensores	Sistema Eléctrico › Sensores	t	2026-02-27 13:32:56.60686-06	5
41	Carburador Completo	Sistema de Combustible › Carburador Completo	t	2026-02-27 13:32:56.61286-06	6
42	Kit de Reparación Carburador	Sistema de Combustible › Kit de Reparación Carburador	t	2026-02-27 13:32:56.61586-06	6
43	Filtro de Gasolina	Sistema de Combustible › Filtro de Gasolina	t	2026-02-27 13:32:56.61886-06	6
44	Llave de Paso	Sistema de Combustible › Llave de Paso	t	2026-02-27 13:32:56.62086-06	6
45	Bomba de Gasolina	Sistema de Combustible › Bomba de Gasolina	t	2026-02-27 13:32:56.62386-06	6
46	Depósito / Tanque	Sistema de Combustible › Depósito / Tanque	t	2026-02-27 13:32:56.62686-06	6
47	Carenado Frontal	Carrocería y Plásticos › Carenado Frontal	t	2026-02-27 13:32:56.63386-06	7
48	Carenado Lateral	Carrocería y Plásticos › Carenado Lateral	t	2026-02-27 13:32:56.63686-06	7
49	Cubrecadena	Carrocería y Plásticos › Cubrecadena	t	2026-02-27 13:32:56.63886-06	7
50	Guardafango Delantero	Carrocería y Plásticos › Guardafango Delantero	t	2026-02-27 13:32:56.64186-06	7
51	Guardafango Trasero	Carrocería y Plásticos › Guardafango Trasero	t	2026-02-27 13:32:56.64486-06	7
52	Asiento / Cojín	Carrocería y Plásticos › Asiento / Cojín	t	2026-02-27 13:32:56.64686-06	7
53	Portabultos / Parrilla	Carrocería y Plásticos › Portabultos / Parrilla	t	2026-02-27 13:32:56.64986-06	7
54	Espejo Retrovisor	Carrocería y Plásticos › Espejo Retrovisor	t	2026-02-27 13:32:56.65186-06	7
55	Rin Delantero	Ruedas y Llantas › Rin Delantero	t	2026-02-27 13:32:56.656884-06	8
56	Rin Trasero	Ruedas y Llantas › Rin Trasero	t	2026-02-27 13:32:56.65986-06	8
57	Llanta Delantera	Ruedas y Llantas › Llanta Delantera	t	2026-02-27 13:32:56.66286-06	8
58	Llanta Trasera	Ruedas y Llantas › Llanta Trasera	t	2026-02-27 13:32:56.66486-06	8
59	Cámara Delantera	Ruedas y Llantas › Cámara Delantera	t	2026-02-27 13:32:56.66786-06	8
60	Cámara Trasera	Ruedas y Llantas › Cámara Trasera	t	2026-02-27 13:32:56.66986-06	8
61	Rayos y Niples	Ruedas y Llantas › Rayos y Niples	t	2026-02-27 13:32:56.67286-06	8
62	Tubo de Escape	Escape › Tubo de Escape	t	2026-02-27 13:32:56.678304-06	9
63	Silenciador / Muffler	Escape › Silenciador / Muffler	t	2026-02-27 13:32:56.681304-06	9
64	Empaque de Escape	Escape › Empaque de Escape	t	2026-02-27 13:32:56.684343-06	9
65	Aceite Motor 4T	Lubricantes y Fluidos › Aceite Motor 4T	t	2026-02-27 13:32:56.690346-06	10
66	Aceite Motor 2T	Lubricantes y Fluidos › Aceite Motor 2T	t	2026-02-27 13:32:56.696343-06	10
67	Filtro de Aceite	Lubricantes y Fluidos › Filtro de Aceite	t	2026-02-27 13:32:56.698896-06	10
68	Filtro de Aire	Lubricantes y Fluidos › Filtro de Aire	t	2026-02-27 13:32:56.701896-06	10
69	Refrigerante / Anticongelante	Lubricantes y Fluidos › Refrigerante / Anticongelante	t	2026-02-27 13:32:56.703897-06	10
70	Manubrio / Manillar	Accesorios y Ergonomía › Manubrio / Manillar	t	2026-02-27 13:32:56.708896-06	11
71	Puños / Grips	Accesorios y Ergonomía › Puños / Grips	t	2026-02-27 13:32:56.711897-06	11
72	Pedal de Freno	Accesorios y Ergonomía › Pedal de Freno	t	2026-02-27 13:32:56.714896-06	11
73	Pedal de Cambio	Accesorios y Ergonomía › Pedal de Cambio	t	2026-02-27 13:32:56.717896-06	11
74	Palancas	Accesorios y Ergonomía › Palancas	t	2026-02-27 13:32:56.720897-06	11
75	Kit de Carburación	Kits y Mantenimiento › Kit de Carburación	t	2026-02-27 13:32:56.725899-06	12
76	Kit de Empaques	Kits y Mantenimiento › Kit de Empaques	t	2026-02-27 13:32:56.728901-06	12
77	Kit de Filtros	Kits y Mantenimiento › Kit de Filtros	t	2026-02-27 13:32:56.730896-06	12
78	Kit de Frenos	Kits y Mantenimiento › Kit de Frenos	t	2026-02-27 13:32:56.733897-06	12
79	Kit de Cadena	Kits y Mantenimiento › Kit de Cadena	t	2026-02-27 13:32:56.736906-06	12
80	Kit de Servicio	Kits y Mantenimiento › Kit de Servicio	t	2026-02-27 13:32:56.738897-06	12
\.


--
-- Data for Name: pedidos_bodega; Type: TABLE DATA; Schema: public; Owner: postgres
--

COPY public.pedidos_bodega (id, notas, status, created_at, updated_at, cajero_id, sede_id) FROM stdin;
1	rapido porfis	ENTREGADO	2026-03-11 23:12:57.350933-06	2026-03-11 23:13:14.025985-06	4	1
2		ENTREGADO	2026-03-12 14:17:37.131716-06	2026-03-12 14:18:06.449848-06	4	1
\.


--
-- Data for Name: pedidos_bodega_items; Type: TABLE DATA; Schema: public; Owner: postgres
--

COPY public.pedidos_bodega_items (id, cantidad, ubicacion, pedido_id, producto_id) FROM stdin;
1	1	C-01-1-B	1	8
2	1	C-01-1-B	2	8
\.


--
-- Data for Name: sales_aperturas_caja; Type: TABLE DATA; Schema: public; Owner: postgres
--

COPY public.sales_aperturas_caja (id, fecha_apertura, fecha_cierre, status, autorizado_por_id, cajero_id, sede_id, codigo_id) FROM stdin;
1	2026-03-09 13:14:06.513423-06	2026-03-09 13:15:41.414789-06	CERRADA	7	4	1	1
2	2026-03-10 08:32:55.676465-06	2026-03-12 14:25:03.430579-06	CERRADA	7	4	1	2
3	2026-03-12 14:26:08.422313-06	2026-03-13 09:36:07.460169-06	CERRADA	7	4	1	3
4	2026-03-16 15:42:40.337347-06	\N	ABIERTA	7	4	1	4
\.


--
-- Data for Name: sales_codigos_apertura; Type: TABLE DATA; Schema: public; Owner: postgres
--

COPY public.sales_codigos_apertura (id, codigo, expires_at, created_at, generado_por_id, sede_id) FROM stdin;
1	979123	2026-03-09 13:43:54.194075-06	2026-03-09 13:13:54.19525-06	7	1
2	285973	2026-03-10 09:02:27.084131-06	2026-03-10 08:32:27.084131-06	7	1
3	342620	2026-03-12 14:55:40.139381-06	2026-03-12 14:25:40.139381-06	7	1
4	818529	2026-03-16 16:12:19.428219-06	2026-03-16 15:42:19.430642-06	7	1
\.


--
-- Data for Name: sales_reportes_caja; Type: TABLE DATA; Schema: public; Owner: postgres
--

COPY public.sales_reportes_caja (id, archivo, total_ventas, total_canceladas, monto_total, monto_efectivo, monto_tarjeta, monto_transferencia, total_descuentos, created_at, apertura_id) FROM stdin;
1	reportes_caja/2026/03/reporte_1_4_20260313_0936.pdf	3	0	510.00	510.00	0.00	0.00	0.00	2026-03-13 09:36:07.716709-06	3
\.


--
-- Data for Name: sales_venta_items; Type: TABLE DATA; Schema: public; Owner: postgres
--

COPY public.sales_venta_items (id, quantity, unit_price, subtotal, producto_id, venta_id) FROM stdin;
1	1	95.00	95.00	8	1
2	1	145.00	145.00	7	1
3	1	95.00	95.00	8	2
4	1	95.00	95.00	8	3
5	1	95.00	95.00	8	4
6	1	95.00	95.00	8	5
7	1	95.00	95.00	8	6
8	1	320.00	320.00	9	7
9	1	95.00	95.00	8	8
\.


--
-- Data for Name: sales_ventas; Type: TABLE DATA; Schema: public; Owner: postgres
--

COPY public.sales_ventas (id, subtotal, descuento, total, metodo_pago, monto_pagado, cambio, status, notas, created_at, cajero_id, sede_id, cliente_id, puntos_ganados) FROM stdin;
1	240.00	0.00	240.00	EFECTIVO	300.00	60.00	COMPLETADA		2026-03-03 21:19:25.185145-06	10	2	\N	0
2	95.00	0.00	95.00	TARJETA	95.00	0.00	COMPLETADA		2026-03-03 21:20:41.70939-06	10	2	\N	0
3	95.00	0.00	95.00	EFECTIVO	100.00	5.00	COMPLETADA		2026-03-09 13:14:40.732772-06	4	1	\N	0
4	95.00	0.00	95.00	EFECTIVO	100.00	5.00	COMPLETADA		2026-03-10 09:17:26.188018-06	4	1	\N	0
5	95.00	0.00	95.00	EFECTIVO	200.00	105.00	COMPLETADA		2026-03-12 14:14:54.76586-06	4	1	\N	0
6	95.00	0.00	95.00	EFECTIVO	100.00	5.00	COMPLETADA		2026-03-13 09:35:22.648511-06	4	1	\N	0
7	320.00	0.00	320.00	EFECTIVO	400.00	80.00	COMPLETADA		2026-03-13 09:35:37.216425-06	4	1	\N	0
8	95.00	0.00	95.00	EFECTIVO	300.00	205.00	COMPLETADA		2026-03-13 09:35:53.396033-06	4	1	\N	0
\.


--
-- Data for Name: taller_motos_cliente; Type: TABLE DATA; Schema: public; Owner: postgres
--

COPY public.taller_motos_cliente (id, marca, modelo, "año", placa, color, notas, created_at, cliente_id) FROM stdin;
\.


--
-- Data for Name: taller_servicio_items; Type: TABLE DATA; Schema: public; Owner: postgres
--

COPY public.taller_servicio_items (id, tipo, descripcion, cantidad, precio_unitario, subtotal, aprobado, created_at, created_by_id, producto_id, servicio_id) FROM stdin;
\.


--
-- Data for Name: taller_servicios; Type: TABLE DATA; Schema: public; Owner: postgres
--

COPY public.taller_servicios (id, folio, descripcion, status, pago_status, mano_de_obra, total_refacciones, total, metodo_pago, monto_pagado, cambio, cliente_notificado, fecha_recepcion, fecha_inicio, fecha_listo, fecha_entrega, asignado_por_id, cajero_id, cliente_id, mecanico_id, moto_id, sede_id) FROM stdin;
\.


--
-- Data for Name: taller_solicitudes_extra; Type: TABLE DATA; Schema: public; Owner: postgres
--

COPY public.taller_solicitudes_extra (id, cantidad, motivo, status, created_at, respondido_at, mecanico_id, producto_id, respondido_por_id, servicio_id) FROM stdin;
\.


--
-- Data for Name: users; Type: TABLE DATA; Schema: public; Owner: postgres
--

COPY public.users (password, last_login, id, email, first_name, last_name, role, is_active, is_staff, is_superuser, created_at, updated_at, sede_id, phone, locked_until, login_attempts, unlock_requested) FROM stdin;
pbkdf2_sha256$720000$O9VgzxLxP6vZFjl4uxFVbJ$UcGQS4JvOzKERfC+mmWS5YGIx5xaPsZIMCP1AgC3lXU=	2026-01-05 23:21:17.928216-06	1	admin@gmail.com	admin	admin	ADMINISTRATOR	t	t	t	2026-01-05 23:20:29.880887-06	2026-01-05 23:20:30.538786-06	\N		\N	0	f
pbkdf2_sha256$720000$6Y2BzsxdVcmqnZQkLghamL$N8ovUp+ffVxs3zzIxv6bQjaCZYalSyzCGHpkyKEcUv4=	\N	13	jona@gmail.com	Jona	Gatica	CUSTOMER	t	f	f	2026-03-12 12:29:30.695212-06	2026-03-12 12:29:31.682739-06	\N		\N	0	f
pbkdf2_sha256$720000$J69Z7ALPLPmE0AzWtIOM3c$58c25djiAu/UFc/z1X5YA3HMs3u1GjC6UP7bo47BNfY=	\N	10	emanuelrealgamboa@gmail.com	Emanuel	Real Gamboa	CASHIER	t	f	f	2026-03-02 13:38:14.813364-06	2026-03-02 13:42:26.598834-06	2	7445514025	\N	0	f
pbkdf2_sha256$1000000$3z89GAIJXmIPr7sEfr5xxe$yDFt4wvwigi6Fm9n5lyhEoCFzehGgq9ZiankH//meyQ=	\N	5	customer@motoqfox.com	Luis	Cliente	CUSTOMER	t	f	f	2026-02-25 22:50:37.035973-06	2026-02-25 22:59:37.665035-06	\N		\N	0	f
pbkdf2_sha256$720000$UkGEilZG6W6anjbeXVzLVa$UnZyMxP0B3Aamk85pm6U/fqAcYtVWyxtQkTcldQGnG8=	\N	15	mecanico@gmail.com	mecanico	mecanico	MECANICO	t	f	f	2026-03-16 15:27:32.617148-06	2026-03-16 15:27:33.54895-06	1	1234567890	\N	0	f
pbkdf2_sha256$720000$iPNrFTmegA5ViHi3H5WU7E$TrnxRsDizHNEI53VrwDfBPuHuBs8U8X/Q0zLKiM4xZs=	\N	14	jefemecanico@gmail.com	Jefe	mecanico	JEFE_MECANICO	t	f	f	2026-03-16 15:25:21.888991-06	2026-03-16 15:25:22.802704-06	1	1234567890	\N	0	f
pbkdf2_sha256$720000$2RBpnHQPVZD51hAlSHBTe1$ZAhpd90fZSq9lTsZMpoHH95N4LcHKMOSK3hJF/S6HVU=	\N	4	cashier@motoqfox.com	María	Cajera	CASHIER	t	f	f	2026-02-25 22:50:36.241716-06	2026-02-25 22:50:37.026511-06	1		\N	0	f
pbkdf2_sha256$720000$RjoLHTyIDkPA5Hmz7WMWeH$CghjADscurxb2YaLFYs1Yk1cYv+G3gLvwjPsVCVTkyk=	\N	7	antonio@gmail.com	Antonio	Texta	ENCARGADO	t	f	f	2026-02-26 10:37:20.471252-06	2026-02-26 10:40:23.260191-06	1		\N	0	f
pbkdf2_sha256$720000$2AcQWCKHTtNXN3eJvPJ2xJ$2t7/K9B1ZUrP6o+eVSl4K1WuOyWOM1OIFvhNJoL9ths=	\N	2	admin@motoqfox.com	Admin	Sistema	ADMINISTRATOR	t	f	f	2026-02-25 22:50:05.781276-06	2026-02-25 22:50:06.585172-06	\N		\N	0	f
pbkdf2_sha256$720000$BXdf1lky0YrKUJqeIjPOWI$e/+b3l6oeBtVILDKoCzm4b1Ddek0ZvAmL3cseZANuWw=	\N	11	emanuelrealgamboa1@gmail.com	Emanuel	Real	CUSTOMER	t	f	f	2026-03-11 09:50:08.732622-06	2026-03-11 09:50:09.790654-06	\N		\N	0	f
pbkdf2_sha256$720000$c0EDpikg9bDuKGO2pd1wFY$PpQlUjV8pxcbSoE7OESaRtm/wns76bAMvYyobNh4vNA=	\N	12	betza1@gmail.com	betza	alvarado velasco	CUSTOMER	t	f	f	2026-03-11 22:39:10.20818-06	2026-03-11 22:39:11.233936-06	\N		\N	0	f
pbkdf2_sha256$720000$0dLOZqpFGC8JpO0quuujTm$2lGwYVyQbptuPBbjJ+o61qIiSqGz1Bkj67ks3hQrfLM=	\N	6	emanuel@gmail.com	Emanuel	Real Gamboa	WORKER	t	f	f	2026-02-25 23:00:16.367931-06	2026-02-25 23:00:17.389392-06	1		\N	1	f
pbkdf2_sha256$720000$P0Ga7N5bwmHZdkPhAFwu4t$ggv9Qx+QALLZhng7wubEH0dwME8zrJ0seAJ5tLOe844=	\N	3	worker@motoqfox.com	Carlos	Mecánico	WORKER	t	f	f	2026-02-25 22:50:35.434819-06	2026-02-25 22:50:36.220179-06	1		\N	0	f
\.


--
-- Data for Name: users_groups; Type: TABLE DATA; Schema: public; Owner: postgres
--

COPY public.users_groups (id, customuser_id, group_id) FROM stdin;
\.


--
-- Data for Name: users_login_audit_log; Type: TABLE DATA; Schema: public; Owner: postgres
--

COPY public.users_login_audit_log (id, event_type, email, ip_address, "timestamp", details, user_id) FROM stdin;
1	LOGIN_SUCCESS	admin@motoqfox.com	127.0.0.1	2026-02-26 22:59:53.072035-06		2
8	LOGIN_FAILED	motoqfox@gmail.com	127.0.0.1	2026-02-27 10:39:24.67332-06	Email no registrado.	\N
9	LOGIN_SUCCESS	admin@motoqfox.com	127.0.0.1	2026-02-27 10:39:45.19611-06		2
10	LOGIN_SUCCESS	admin@motoqfox.com	127.0.0.1	2026-02-27 10:54:51.308665-06		2
11	LOGIN_SUCCESS	admin@motoqfox.com	127.0.0.1	2026-02-27 13:35:02.865368-06		2
12	LOGIN_SUCCESS	admin@motoqfox.com	127.0.0.1	2026-03-01 21:00:34.835367-06		2
13	LOGIN_SUCCESS	admin@motoqfox.com	127.0.0.1	2026-03-02 08:00:18.964195-06		2
14	LOGIN_SUCCESS	cashier@motoqfox.com	127.0.0.1	2026-03-02 09:21:07.257909-06		4
15	LOGIN_SUCCESS	admin@motoqfox.com	127.0.0.1	2026-03-02 13:22:58.541481-06		2
2	LOGIN_FAILED	emanuelrealgamboa@gmail.com	127.0.0.1	2026-02-26 23:00:38.808874-06	Intento 2/5. Quedan 3.	\N
3	LOGIN_FAILED	emanuelrealgamboa@gmail.com	127.0.0.1	2026-02-26 23:00:44.564608-06	Intento 3/5. Quedan 2.	\N
4	LOGIN_FAILED	emanuelrealgamboa@gmail.com	127.0.0.1	2026-02-26 23:00:46.851641-06	Intento 4/5. Quedan 1.	\N
5	ACCOUNT_LOCKED	emanuelrealgamboa@gmail.com	127.0.0.1	2026-02-26 23:00:49.799349-06	Bloqueada por 5 intentos fallidos.	\N
6	ACCOUNT_UNLOCKED	emanuelrealgamboa@gmail.com	127.0.0.1	2026-02-26 23:01:01.803976-06	Desbloqueada por administrador: admin@motoqfox.com	\N
7	LOGIN_SUCCESS	emanuelrealgamboa@gmail.com	127.0.0.1	2026-02-26 23:01:37.04806-06		\N
16	LOGIN_SUCCESS	emanuelrealgamboa@gmail.com	127.0.0.1	2026-03-02 13:39:27.871104-06		10
17	LOGIN_FAILED	emanuelrealgamboa@gmail.com	127.0.0.1	2026-03-02 13:39:51.595769-06	Intento 1/5. Quedan 4.	10
18	LOGIN_FAILED	emanuelrealgamboa@gmail.com	127.0.0.1	2026-03-02 13:39:54.622192-06	Intento 2/5. Quedan 3.	10
19	LOGIN_FAILED	emanuelrealgamboa@gmail.com	127.0.0.1	2026-03-02 13:39:57.036331-06	Intento 3/5. Quedan 2.	10
20	LOGIN_FAILED	emanuelrealgamboa@gmail.com	127.0.0.1	2026-03-02 13:39:58.997661-06	Intento 4/5. Quedan 1.	10
21	ACCOUNT_LOCKED	emanuelrealgamboa@gmail.com	127.0.0.1	2026-03-02 13:40:17.267029-06	Bloqueada por 5 intentos fallidos.	10
22	ACCOUNT_UNLOCKED	emanuelrealgamboa@gmail.com	127.0.0.1	2026-03-02 13:40:48.753454-06	Desbloqueada por administrador: admin@motoqfox.com	10
23	PASSWORD_RESET_REQ	emanuelrealgamboa@gmail.com	127.0.0.1	2026-03-02 13:41:10.526868-06		10
24	PASSWORD_RESET_DONE	emanuelrealgamboa@gmail.com	127.0.0.1	2026-03-02 13:41:40.682316-06		10
25	LOGIN_SUCCESS	emanuelrealgamboa@gmail.com	127.0.0.1	2026-03-02 13:42:03.731017-06		10
26	LOGIN_SUCCESS	admin@motoqfox.com	127.0.0.1	2026-03-03 21:01:39.845128-06		2
27	LOGIN_FAILED	emanuelrealgamboa@gmail.com	127.0.0.1	2026-03-03 21:02:12.887542-06	Intento 1/5. Quedan 4.	10
28	LOGIN_FAILED	emanuelrealgamboa@gmail.com	127.0.0.1	2026-03-03 21:02:28.242668-06	Intento 2/5. Quedan 3.	10
29	LOGIN_SUCCESS	emanuelrealgamboa@gmail.com	127.0.0.1	2026-03-03 21:02:33.421524-06		10
30	LOGIN_FAILED	antonio@gmail.com	127.0.0.1	2026-03-03 21:40:22.473582-06	Intento 1/5. Quedan 4.	7
31	LOGIN_FAILED	antonio@gmail.com	127.0.0.1	2026-03-03 21:40:28.492339-06	Intento 2/5. Quedan 3.	7
32	LOGIN_SUCCESS	antonio@gmail.com	127.0.0.1	2026-03-03 21:40:37.577544-06		7
33	LOGIN_SUCCESS	admin@motoqfox.com	127.0.0.1	2026-03-09 12:23:55.462079-06		2
34	LOGIN_SUCCESS	antonio@gmail.com	127.0.0.1	2026-03-09 12:27:45.684984-06		7
35	LOGIN_SUCCESS	cashier@motoqfox.com	127.0.0.1	2026-03-09 12:48:35.792337-06		4
36	LOGIN_SUCCESS	admin@motoqfox.com	127.0.0.1	2026-03-09 13:12:21.61255-06		2
37	LOGIN_SUCCESS	admin@motoqfox.com	127.0.0.1	2026-03-10 08:29:59.242378-06		2
38	LOGIN_SUCCESS	antonio@gmail.com	127.0.0.1	2026-03-10 08:31:34.872826-06		7
39	LOGIN_SUCCESS	cashier@motoqfox.com	127.0.0.1	2026-03-10 08:32:16.746465-06		4
40	LOGIN_SUCCESS	cashier@motoqfox.com	127.0.0.1	2026-03-11 10:18:15.360396-06		4
41	LOGIN_FAILED	antonio@gmail.com	127.0.0.1	2026-03-11 22:30:55.571435-06	Intento 1/5. Quedan 4.	7
42	LOGIN_SUCCESS	antonio@gmail.com	127.0.0.1	2026-03-11 22:31:02.936583-06		7
43	LOGIN_FAILED	emanuel@gmail.com	127.0.0.1	2026-03-11 23:11:29.068916-06	Intento 1/5. Quedan 4.	6
44	LOGIN_SUCCESS	worker@motoqfox.com	127.0.0.1	2026-03-11 23:12:04.147728-06		3
45	LOGIN_SUCCESS	admin@motoqfox.com	127.0.0.1	2026-03-12 12:24:51.235757-06		2
46	LOGIN_SUCCESS	worker@motoqfox.com	127.0.0.1	2026-03-12 12:25:21.557826-06		3
47	LOGIN_SUCCESS	cashier@motoqfox.com	127.0.0.1	2026-03-12 12:25:57.118335-06		4
48	LOGIN_SUCCESS	antonio@gmail.com	127.0.0.1	2026-03-12 14:11:39.542879-06		7
49	LOGIN_SUCCESS	cashier@motoqfox.com	127.0.0.1	2026-03-12 14:25:24.227793-06		4
50	LOGIN_SUCCESS	admin@motoqfox.com	127.0.0.1	2026-03-16 14:43:02.833218-06		2
51	LOGIN_SUCCESS	jefemecanico@gmail.com	127.0.0.1	2026-03-16 15:26:06.052197-06		14
52	LOGIN_SUCCESS	mecanico@gmail.com	127.0.0.1	2026-03-16 15:27:56.923026-06		15
53	LOGIN_SUCCESS	jefemecanico@gmail.com	127.0.0.1	2026-03-16 15:29:59.56634-06		14
54	LOGIN_SUCCESS	cashier@motoqfox.com	127.0.0.1	2026-03-16 15:41:33.252883-06		4
55	LOGIN_FAILED	antonio@gmail.com	127.0.0.1	2026-03-16 15:42:09.704587-06	Intento 1/5. Quedan 4.	7
56	LOGIN_SUCCESS	antonio@gmail.com	127.0.0.1	2026-03-16 15:42:16.801742-06		7
57	LOGIN_SUCCESS	admin@motoqfox.com	127.0.0.1	2026-03-20 11:31:13.492234-06		2
\.


--
-- Data for Name: users_password_reset_tokens; Type: TABLE DATA; Schema: public; Owner: postgres
--

COPY public.users_password_reset_tokens (id, token, created_at, expires_at, used, user_id) FROM stdin;
2	e33cc13a-00f7-449c-9112-f0bd42c2631c	2026-03-02 13:41:08.013131-06	2026-03-02 14:41:08.013131-06	t	10
\.


--
-- Data for Name: users_turnos; Type: TABLE DATA; Schema: public; Owner: postgres
--

COPY public.users_turnos (id, dia_semana, hora_inicio, hora_fin, is_active, sede_id, user_id) FROM stdin;
\.


--
-- Data for Name: users_user_permissions; Type: TABLE DATA; Schema: public; Owner: postgres
--

COPY public.users_user_permissions (id, customuser_id, permission_id) FROM stdin;
\.


--
-- Name: auth_group_id_seq; Type: SEQUENCE SET; Schema: public; Owner: postgres
--

SELECT pg_catalog.setval('public.auth_group_id_seq', 1, false);


--
-- Name: auth_group_permissions_id_seq; Type: SEQUENCE SET; Schema: public; Owner: postgres
--

SELECT pg_catalog.setval('public.auth_group_permissions_id_seq', 1, false);


--
-- Name: auth_permission_id_seq; Type: SEQUENCE SET; Schema: public; Owner: postgres
--

SELECT pg_catalog.setval('public.auth_permission_id_seq', 136, true);


--
-- Name: billing_config_fiscal_sede_id_seq; Type: SEQUENCE SET; Schema: public; Owner: postgres
--

SELECT pg_catalog.setval('public.billing_config_fiscal_sede_id_seq', 1, true);


--
-- Name: branches_sedes_id_seq; Type: SEQUENCE SET; Schema: public; Owner: postgres
--

SELECT pg_catalog.setval('public.branches_sedes_id_seq', 2, true);


--
-- Name: customers_perfiles_id_seq; Type: SEQUENCE SET; Schema: public; Owner: postgres
--

SELECT pg_catalog.setval('public.customers_perfiles_id_seq', 3, true);


--
-- Name: django_admin_log_id_seq; Type: SEQUENCE SET; Schema: public; Owner: postgres
--

SELECT pg_catalog.setval('public.django_admin_log_id_seq', 1, false);


--
-- Name: django_content_type_id_seq; Type: SEQUENCE SET; Schema: public; Owner: postgres
--

SELECT pg_catalog.setval('public.django_content_type_id_seq', 34, true);


--
-- Name: django_migrations_id_seq; Type: SEQUENCE SET; Schema: public; Owner: postgres
--

SELECT pg_catalog.setval('public.django_migrations_id_seq', 39, true);


--
-- Name: inventory_auditoria_items_id_seq; Type: SEQUENCE SET; Schema: public; Owner: postgres
--

SELECT pg_catalog.setval('public.inventory_auditoria_items_id_seq', 1, false);


--
-- Name: inventory_auditorias_id_seq; Type: SEQUENCE SET; Schema: public; Owner: postgres
--

SELECT pg_catalog.setval('public.inventory_auditorias_id_seq', 1, false);


--
-- Name: inventory_categorias_id_seq; Type: SEQUENCE SET; Schema: public; Owner: postgres
--

SELECT pg_catalog.setval('public.inventory_categorias_id_seq', 12, true);


--
-- Name: inventory_compatibilidad_pieza_id_seq; Type: SEQUENCE SET; Schema: public; Owner: postgres
--

SELECT pg_catalog.setval('public.inventory_compatibilidad_pieza_id_seq', 37, true);


--
-- Name: inventory_entradas_id_seq; Type: SEQUENCE SET; Schema: public; Owner: postgres
--

SELECT pg_catalog.setval('public.inventory_entradas_id_seq', 12, true);


--
-- Name: inventory_marcas_fabricante_id_seq; Type: SEQUENCE SET; Schema: public; Owner: postgres
--

SELECT pg_catalog.setval('public.inventory_marcas_fabricante_id_seq', 11, true);


--
-- Name: inventory_marcas_moto_id_seq; Type: SEQUENCE SET; Schema: public; Owner: postgres
--

SELECT pg_catalog.setval('public.inventory_marcas_moto_id_seq', 8, true);


--
-- Name: inventory_modelos_moto_id_seq; Type: SEQUENCE SET; Schema: public; Owner: postgres
--

SELECT pg_catalog.setval('public.inventory_modelos_moto_id_seq', 26, true);


--
-- Name: inventory_productos_id_seq; Type: SEQUENCE SET; Schema: public; Owner: postgres
--

SELECT pg_catalog.setval('public.inventory_productos_id_seq', 20, true);


--
-- Name: inventory_stock_id_seq; Type: SEQUENCE SET; Schema: public; Owner: postgres
--

SELECT pg_catalog.setval('public.inventory_stock_id_seq', 12, true);


--
-- Name: inventory_subcategorias_id_seq; Type: SEQUENCE SET; Schema: public; Owner: postgres
--

SELECT pg_catalog.setval('public.inventory_subcategorias_id_seq', 80, true);


--
-- Name: pedidos_bodega_id_seq; Type: SEQUENCE SET; Schema: public; Owner: postgres
--

SELECT pg_catalog.setval('public.pedidos_bodega_id_seq', 2, true);


--
-- Name: pedidos_bodega_items_id_seq; Type: SEQUENCE SET; Schema: public; Owner: postgres
--

SELECT pg_catalog.setval('public.pedidos_bodega_items_id_seq', 2, true);


--
-- Name: sales_aperturas_caja_id_seq; Type: SEQUENCE SET; Schema: public; Owner: postgres
--

SELECT pg_catalog.setval('public.sales_aperturas_caja_id_seq', 4, true);


--
-- Name: sales_codigos_apertura_id_seq; Type: SEQUENCE SET; Schema: public; Owner: postgres
--

SELECT pg_catalog.setval('public.sales_codigos_apertura_id_seq', 4, true);


--
-- Name: sales_reportes_caja_id_seq; Type: SEQUENCE SET; Schema: public; Owner: postgres
--

SELECT pg_catalog.setval('public.sales_reportes_caja_id_seq', 1, true);


--
-- Name: sales_venta_items_id_seq; Type: SEQUENCE SET; Schema: public; Owner: postgres
--

SELECT pg_catalog.setval('public.sales_venta_items_id_seq', 9, true);


--
-- Name: sales_ventas_id_seq; Type: SEQUENCE SET; Schema: public; Owner: postgres
--

SELECT pg_catalog.setval('public.sales_ventas_id_seq', 8, true);


--
-- Name: taller_motos_cliente_id_seq; Type: SEQUENCE SET; Schema: public; Owner: postgres
--

SELECT pg_catalog.setval('public.taller_motos_cliente_id_seq', 1, false);


--
-- Name: taller_servicio_items_id_seq; Type: SEQUENCE SET; Schema: public; Owner: postgres
--

SELECT pg_catalog.setval('public.taller_servicio_items_id_seq', 1, false);


--
-- Name: taller_servicios_id_seq; Type: SEQUENCE SET; Schema: public; Owner: postgres
--

SELECT pg_catalog.setval('public.taller_servicios_id_seq', 1, false);


--
-- Name: taller_solicitudes_extra_id_seq; Type: SEQUENCE SET; Schema: public; Owner: postgres
--

SELECT pg_catalog.setval('public.taller_solicitudes_extra_id_seq', 1, false);


--
-- Name: users_groups_id_seq; Type: SEQUENCE SET; Schema: public; Owner: postgres
--

SELECT pg_catalog.setval('public.users_groups_id_seq', 1, false);


--
-- Name: users_id_seq; Type: SEQUENCE SET; Schema: public; Owner: postgres
--

SELECT pg_catalog.setval('public.users_id_seq', 15, true);


--
-- Name: users_login_audit_log_id_seq; Type: SEQUENCE SET; Schema: public; Owner: postgres
--

SELECT pg_catalog.setval('public.users_login_audit_log_id_seq', 57, true);


--
-- Name: users_password_reset_tokens_id_seq; Type: SEQUENCE SET; Schema: public; Owner: postgres
--

SELECT pg_catalog.setval('public.users_password_reset_tokens_id_seq', 2, true);


--
-- Name: users_turnos_id_seq; Type: SEQUENCE SET; Schema: public; Owner: postgres
--

SELECT pg_catalog.setval('public.users_turnos_id_seq', 1, false);


--
-- Name: users_user_permissions_id_seq; Type: SEQUENCE SET; Schema: public; Owner: postgres
--

SELECT pg_catalog.setval('public.users_user_permissions_id_seq', 1, false);


--
-- Name: auth_group auth_group_name_key; Type: CONSTRAINT; Schema: public; Owner: postgres
--

ALTER TABLE ONLY public.auth_group
    ADD CONSTRAINT auth_group_name_key UNIQUE (name);


--
-- Name: auth_group_permissions auth_group_permissions_group_id_permission_id_0cd325b0_uniq; Type: CONSTRAINT; Schema: public; Owner: postgres
--

ALTER TABLE ONLY public.auth_group_permissions
    ADD CONSTRAINT auth_group_permissions_group_id_permission_id_0cd325b0_uniq UNIQUE (group_id, permission_id);


--
-- Name: auth_group_permissions auth_group_permissions_pkey; Type: CONSTRAINT; Schema: public; Owner: postgres
--

ALTER TABLE ONLY public.auth_group_permissions
    ADD CONSTRAINT auth_group_permissions_pkey PRIMARY KEY (id);


--
-- Name: auth_group auth_group_pkey; Type: CONSTRAINT; Schema: public; Owner: postgres
--

ALTER TABLE ONLY public.auth_group
    ADD CONSTRAINT auth_group_pkey PRIMARY KEY (id);


--
-- Name: auth_permission auth_permission_content_type_id_codename_01ab375a_uniq; Type: CONSTRAINT; Schema: public; Owner: postgres
--

ALTER TABLE ONLY public.auth_permission
    ADD CONSTRAINT auth_permission_content_type_id_codename_01ab375a_uniq UNIQUE (content_type_id, codename);


--
-- Name: auth_permission auth_permission_pkey; Type: CONSTRAINT; Schema: public; Owner: postgres
--

ALTER TABLE ONLY public.auth_permission
    ADD CONSTRAINT auth_permission_pkey PRIMARY KEY (id);


--
-- Name: billing_config_fiscal_sede billing_config_fiscal_sede_pkey; Type: CONSTRAINT; Schema: public; Owner: postgres
--

ALTER TABLE ONLY public.billing_config_fiscal_sede
    ADD CONSTRAINT billing_config_fiscal_sede_pkey PRIMARY KEY (id);


--
-- Name: billing_config_fiscal_sede billing_config_fiscal_sede_sede_id_key; Type: CONSTRAINT; Schema: public; Owner: postgres
--

ALTER TABLE ONLY public.billing_config_fiscal_sede
    ADD CONSTRAINT billing_config_fiscal_sede_sede_id_key UNIQUE (sede_id);


--
-- Name: branches_sedes branches_sedes_pkey; Type: CONSTRAINT; Schema: public; Owner: postgres
--

ALTER TABLE ONLY public.branches_sedes
    ADD CONSTRAINT branches_sedes_pkey PRIMARY KEY (id);


--
-- Name: customers_perfiles customers_perfiles_pkey; Type: CONSTRAINT; Schema: public; Owner: postgres
--

ALTER TABLE ONLY public.customers_perfiles
    ADD CONSTRAINT customers_perfiles_pkey PRIMARY KEY (id);


--
-- Name: customers_perfiles customers_perfiles_qr_token_key; Type: CONSTRAINT; Schema: public; Owner: postgres
--

ALTER TABLE ONLY public.customers_perfiles
    ADD CONSTRAINT customers_perfiles_qr_token_key UNIQUE (qr_token);


--
-- Name: customers_perfiles customers_perfiles_usuario_id_key; Type: CONSTRAINT; Schema: public; Owner: postgres
--

ALTER TABLE ONLY public.customers_perfiles
    ADD CONSTRAINT customers_perfiles_usuario_id_key UNIQUE (usuario_id);


--
-- Name: django_admin_log django_admin_log_pkey; Type: CONSTRAINT; Schema: public; Owner: postgres
--

ALTER TABLE ONLY public.django_admin_log
    ADD CONSTRAINT django_admin_log_pkey PRIMARY KEY (id);


--
-- Name: django_content_type django_content_type_app_label_model_76bd3d3b_uniq; Type: CONSTRAINT; Schema: public; Owner: postgres
--

ALTER TABLE ONLY public.django_content_type
    ADD CONSTRAINT django_content_type_app_label_model_76bd3d3b_uniq UNIQUE (app_label, model);


--
-- Name: django_content_type django_content_type_pkey; Type: CONSTRAINT; Schema: public; Owner: postgres
--

ALTER TABLE ONLY public.django_content_type
    ADD CONSTRAINT django_content_type_pkey PRIMARY KEY (id);


--
-- Name: django_migrations django_migrations_pkey; Type: CONSTRAINT; Schema: public; Owner: postgres
--

ALTER TABLE ONLY public.django_migrations
    ADD CONSTRAINT django_migrations_pkey PRIMARY KEY (id);


--
-- Name: django_session django_session_pkey; Type: CONSTRAINT; Schema: public; Owner: postgres
--

ALTER TABLE ONLY public.django_session
    ADD CONSTRAINT django_session_pkey PRIMARY KEY (session_key);


--
-- Name: inventory_auditoria_items inventory_auditoria_item_auditoria_id_producto_id_64d0d3c2_uniq; Type: CONSTRAINT; Schema: public; Owner: postgres
--

ALTER TABLE ONLY public.inventory_auditoria_items
    ADD CONSTRAINT inventory_auditoria_item_auditoria_id_producto_id_64d0d3c2_uniq UNIQUE (auditoria_id, producto_id);


--
-- Name: inventory_auditoria_items inventory_auditoria_items_pkey; Type: CONSTRAINT; Schema: public; Owner: postgres
--

ALTER TABLE ONLY public.inventory_auditoria_items
    ADD CONSTRAINT inventory_auditoria_items_pkey PRIMARY KEY (id);


--
-- Name: inventory_auditorias inventory_auditorias_pkey; Type: CONSTRAINT; Schema: public; Owner: postgres
--

ALTER TABLE ONLY public.inventory_auditorias
    ADD CONSTRAINT inventory_auditorias_pkey PRIMARY KEY (id);


--
-- Name: inventory_categorias inventory_categorias_name_key; Type: CONSTRAINT; Schema: public; Owner: postgres
--

ALTER TABLE ONLY public.inventory_categorias
    ADD CONSTRAINT inventory_categorias_name_key UNIQUE (name);


--
-- Name: inventory_categorias inventory_categorias_pkey; Type: CONSTRAINT; Schema: public; Owner: postgres
--

ALTER TABLE ONLY public.inventory_categorias
    ADD CONSTRAINT inventory_categorias_pkey PRIMARY KEY (id);


--
-- Name: inventory_compatibilidad_pieza inventory_compatibilidad_pieza_pkey; Type: CONSTRAINT; Schema: public; Owner: postgres
--

ALTER TABLE ONLY public.inventory_compatibilidad_pieza
    ADD CONSTRAINT inventory_compatibilidad_pieza_pkey PRIMARY KEY (id);


--
-- Name: inventory_compatibilidad_pieza inventory_compatibilidad_producto_id_modelo_moto__e7634ccf_uniq; Type: CONSTRAINT; Schema: public; Owner: postgres
--

ALTER TABLE ONLY public.inventory_compatibilidad_pieza
    ADD CONSTRAINT inventory_compatibilidad_producto_id_modelo_moto__e7634ccf_uniq UNIQUE (producto_id, modelo_moto_id);


--
-- Name: inventory_entradas inventory_entradas_pkey; Type: CONSTRAINT; Schema: public; Owner: postgres
--

ALTER TABLE ONLY public.inventory_entradas
    ADD CONSTRAINT inventory_entradas_pkey PRIMARY KEY (id);


--
-- Name: inventory_marcas_fabricante inventory_marcas_fabricante_name_key; Type: CONSTRAINT; Schema: public; Owner: postgres
--

ALTER TABLE ONLY public.inventory_marcas_fabricante
    ADD CONSTRAINT inventory_marcas_fabricante_name_key UNIQUE (name);


--
-- Name: inventory_marcas_fabricante inventory_marcas_fabricante_pkey; Type: CONSTRAINT; Schema: public; Owner: postgres
--

ALTER TABLE ONLY public.inventory_marcas_fabricante
    ADD CONSTRAINT inventory_marcas_fabricante_pkey PRIMARY KEY (id);


--
-- Name: inventory_marcas_moto inventory_marcas_moto_name_key; Type: CONSTRAINT; Schema: public; Owner: postgres
--

ALTER TABLE ONLY public.inventory_marcas_moto
    ADD CONSTRAINT inventory_marcas_moto_name_key UNIQUE (name);


--
-- Name: inventory_marcas_moto inventory_marcas_moto_pkey; Type: CONSTRAINT; Schema: public; Owner: postgres
--

ALTER TABLE ONLY public.inventory_marcas_moto
    ADD CONSTRAINT inventory_marcas_moto_pkey PRIMARY KEY (id);


--
-- Name: inventory_modelos_moto inventory_modelos_moto_marca_id_modelo_año_desde_fb4fe32f_uniq; Type: CONSTRAINT; Schema: public; Owner: postgres
--

ALTER TABLE ONLY public.inventory_modelos_moto
    ADD CONSTRAINT "inventory_modelos_moto_marca_id_modelo_año_desde_fb4fe32f_uniq" UNIQUE (marca_id, modelo, "año_desde");


--
-- Name: inventory_modelos_moto inventory_modelos_moto_pkey; Type: CONSTRAINT; Schema: public; Owner: postgres
--

ALTER TABLE ONLY public.inventory_modelos_moto
    ADD CONSTRAINT inventory_modelos_moto_pkey PRIMARY KEY (id);


--
-- Name: inventory_productos inventory_productos_pkey; Type: CONSTRAINT; Schema: public; Owner: postgres
--

ALTER TABLE ONLY public.inventory_productos
    ADD CONSTRAINT inventory_productos_pkey PRIMARY KEY (id);


--
-- Name: inventory_productos inventory_productos_sku_key; Type: CONSTRAINT; Schema: public; Owner: postgres
--

ALTER TABLE ONLY public.inventory_productos
    ADD CONSTRAINT inventory_productos_sku_key UNIQUE (sku);


--
-- Name: inventory_stock inventory_stock_pkey; Type: CONSTRAINT; Schema: public; Owner: postgres
--

ALTER TABLE ONLY public.inventory_stock
    ADD CONSTRAINT inventory_stock_pkey PRIMARY KEY (id);


--
-- Name: inventory_stock inventory_stock_producto_id_sede_id_da03546a_uniq; Type: CONSTRAINT; Schema: public; Owner: postgres
--

ALTER TABLE ONLY public.inventory_stock
    ADD CONSTRAINT inventory_stock_producto_id_sede_id_da03546a_uniq UNIQUE (producto_id, sede_id);


--
-- Name: inventory_subcategorias inventory_subcategorias_categoria_id_name_22bc76db_uniq; Type: CONSTRAINT; Schema: public; Owner: postgres
--

ALTER TABLE ONLY public.inventory_subcategorias
    ADD CONSTRAINT inventory_subcategorias_categoria_id_name_22bc76db_uniq UNIQUE (categoria_id, name);


--
-- Name: inventory_subcategorias inventory_subcategorias_pkey; Type: CONSTRAINT; Schema: public; Owner: postgres
--

ALTER TABLE ONLY public.inventory_subcategorias
    ADD CONSTRAINT inventory_subcategorias_pkey PRIMARY KEY (id);


--
-- Name: pedidos_bodega_items pedidos_bodega_items_pkey; Type: CONSTRAINT; Schema: public; Owner: postgres
--

ALTER TABLE ONLY public.pedidos_bodega_items
    ADD CONSTRAINT pedidos_bodega_items_pkey PRIMARY KEY (id);


--
-- Name: pedidos_bodega pedidos_bodega_pkey; Type: CONSTRAINT; Schema: public; Owner: postgres
--

ALTER TABLE ONLY public.pedidos_bodega
    ADD CONSTRAINT pedidos_bodega_pkey PRIMARY KEY (id);


--
-- Name: sales_aperturas_caja sales_aperturas_caja_pkey; Type: CONSTRAINT; Schema: public; Owner: postgres
--

ALTER TABLE ONLY public.sales_aperturas_caja
    ADD CONSTRAINT sales_aperturas_caja_pkey PRIMARY KEY (id);


--
-- Name: sales_codigos_apertura sales_codigos_apertura_pkey; Type: CONSTRAINT; Schema: public; Owner: postgres
--

ALTER TABLE ONLY public.sales_codigos_apertura
    ADD CONSTRAINT sales_codigos_apertura_pkey PRIMARY KEY (id);


--
-- Name: sales_reportes_caja sales_reportes_caja_apertura_id_key; Type: CONSTRAINT; Schema: public; Owner: postgres
--

ALTER TABLE ONLY public.sales_reportes_caja
    ADD CONSTRAINT sales_reportes_caja_apertura_id_key UNIQUE (apertura_id);


--
-- Name: sales_reportes_caja sales_reportes_caja_pkey; Type: CONSTRAINT; Schema: public; Owner: postgres
--

ALTER TABLE ONLY public.sales_reportes_caja
    ADD CONSTRAINT sales_reportes_caja_pkey PRIMARY KEY (id);


--
-- Name: sales_venta_items sales_venta_items_pkey; Type: CONSTRAINT; Schema: public; Owner: postgres
--

ALTER TABLE ONLY public.sales_venta_items
    ADD CONSTRAINT sales_venta_items_pkey PRIMARY KEY (id);


--
-- Name: sales_ventas sales_ventas_pkey; Type: CONSTRAINT; Schema: public; Owner: postgres
--

ALTER TABLE ONLY public.sales_ventas
    ADD CONSTRAINT sales_ventas_pkey PRIMARY KEY (id);


--
-- Name: taller_motos_cliente taller_motos_cliente_pkey; Type: CONSTRAINT; Schema: public; Owner: postgres
--

ALTER TABLE ONLY public.taller_motos_cliente
    ADD CONSTRAINT taller_motos_cliente_pkey PRIMARY KEY (id);


--
-- Name: taller_servicio_items taller_servicio_items_pkey; Type: CONSTRAINT; Schema: public; Owner: postgres
--

ALTER TABLE ONLY public.taller_servicio_items
    ADD CONSTRAINT taller_servicio_items_pkey PRIMARY KEY (id);


--
-- Name: taller_servicios taller_servicios_folio_key; Type: CONSTRAINT; Schema: public; Owner: postgres
--

ALTER TABLE ONLY public.taller_servicios
    ADD CONSTRAINT taller_servicios_folio_key UNIQUE (folio);


--
-- Name: taller_servicios taller_servicios_pkey; Type: CONSTRAINT; Schema: public; Owner: postgres
--

ALTER TABLE ONLY public.taller_servicios
    ADD CONSTRAINT taller_servicios_pkey PRIMARY KEY (id);


--
-- Name: taller_solicitudes_extra taller_solicitudes_extra_pkey; Type: CONSTRAINT; Schema: public; Owner: postgres
--

ALTER TABLE ONLY public.taller_solicitudes_extra
    ADD CONSTRAINT taller_solicitudes_extra_pkey PRIMARY KEY (id);


--
-- Name: users users_email_key; Type: CONSTRAINT; Schema: public; Owner: postgres
--

ALTER TABLE ONLY public.users
    ADD CONSTRAINT users_email_key UNIQUE (email);


--
-- Name: users_groups users_groups_customuser_id_group_id_927de924_uniq; Type: CONSTRAINT; Schema: public; Owner: postgres
--

ALTER TABLE ONLY public.users_groups
    ADD CONSTRAINT users_groups_customuser_id_group_id_927de924_uniq UNIQUE (customuser_id, group_id);


--
-- Name: users_groups users_groups_pkey; Type: CONSTRAINT; Schema: public; Owner: postgres
--

ALTER TABLE ONLY public.users_groups
    ADD CONSTRAINT users_groups_pkey PRIMARY KEY (id);


--
-- Name: users_login_audit_log users_login_audit_log_pkey; Type: CONSTRAINT; Schema: public; Owner: postgres
--

ALTER TABLE ONLY public.users_login_audit_log
    ADD CONSTRAINT users_login_audit_log_pkey PRIMARY KEY (id);


--
-- Name: users_password_reset_tokens users_password_reset_tokens_pkey; Type: CONSTRAINT; Schema: public; Owner: postgres
--

ALTER TABLE ONLY public.users_password_reset_tokens
    ADD CONSTRAINT users_password_reset_tokens_pkey PRIMARY KEY (id);


--
-- Name: users_password_reset_tokens users_password_reset_tokens_token_key; Type: CONSTRAINT; Schema: public; Owner: postgres
--

ALTER TABLE ONLY public.users_password_reset_tokens
    ADD CONSTRAINT users_password_reset_tokens_token_key UNIQUE (token);


--
-- Name: users users_pkey; Type: CONSTRAINT; Schema: public; Owner: postgres
--

ALTER TABLE ONLY public.users
    ADD CONSTRAINT users_pkey PRIMARY KEY (id);


--
-- Name: users_turnos users_turnos_pkey; Type: CONSTRAINT; Schema: public; Owner: postgres
--

ALTER TABLE ONLY public.users_turnos
    ADD CONSTRAINT users_turnos_pkey PRIMARY KEY (id);


--
-- Name: users_turnos users_turnos_user_id_dia_semana_a3d79956_uniq; Type: CONSTRAINT; Schema: public; Owner: postgres
--

ALTER TABLE ONLY public.users_turnos
    ADD CONSTRAINT users_turnos_user_id_dia_semana_a3d79956_uniq UNIQUE (user_id, dia_semana);


--
-- Name: users_user_permissions users_user_permissions_customuser_id_permission_2b4e4e39_uniq; Type: CONSTRAINT; Schema: public; Owner: postgres
--

ALTER TABLE ONLY public.users_user_permissions
    ADD CONSTRAINT users_user_permissions_customuser_id_permission_2b4e4e39_uniq UNIQUE (customuser_id, permission_id);


--
-- Name: users_user_permissions users_user_permissions_pkey; Type: CONSTRAINT; Schema: public; Owner: postgres
--

ALTER TABLE ONLY public.users_user_permissions
    ADD CONSTRAINT users_user_permissions_pkey PRIMARY KEY (id);


--
-- Name: apertura_cajero_status_idx; Type: INDEX; Schema: public; Owner: postgres
--

CREATE INDEX apertura_cajero_status_idx ON public.sales_aperturas_caja USING btree (cajero_id, status);


--
-- Name: apertura_sede_status_idx; Type: INDEX; Schema: public; Owner: postgres
--

CREATE INDEX apertura_sede_status_idx ON public.sales_aperturas_caja USING btree (sede_id, status);


--
-- Name: audit_email_ts_idx; Type: INDEX; Schema: public; Owner: postgres
--

CREATE INDEX audit_email_ts_idx ON public.users_login_audit_log USING btree (email, "timestamp");


--
-- Name: audit_event_ts_idx; Type: INDEX; Schema: public; Owner: postgres
--

CREATE INDEX audit_event_ts_idx ON public.users_login_audit_log USING btree (event_type, "timestamp");


--
-- Name: auth_group_name_a6ea08ec_like; Type: INDEX; Schema: public; Owner: postgres
--

CREATE INDEX auth_group_name_a6ea08ec_like ON public.auth_group USING btree (name varchar_pattern_ops);


--
-- Name: auth_group_permissions_group_id_b120cbf9; Type: INDEX; Schema: public; Owner: postgres
--

CREATE INDEX auth_group_permissions_group_id_b120cbf9 ON public.auth_group_permissions USING btree (group_id);


--
-- Name: auth_group_permissions_permission_id_84c5c92e; Type: INDEX; Schema: public; Owner: postgres
--

CREATE INDEX auth_group_permissions_permission_id_84c5c92e ON public.auth_group_permissions USING btree (permission_id);


--
-- Name: auth_permission_content_type_id_2f476e4b; Type: INDEX; Schema: public; Owner: postgres
--

CREATE INDEX auth_permission_content_type_id_2f476e4b ON public.auth_permission USING btree (content_type_id);


--
-- Name: django_admin_log_content_type_id_c4bce8eb; Type: INDEX; Schema: public; Owner: postgres
--

CREATE INDEX django_admin_log_content_type_id_c4bce8eb ON public.django_admin_log USING btree (content_type_id);


--
-- Name: django_admin_log_user_id_c564eba6; Type: INDEX; Schema: public; Owner: postgres
--

CREATE INDEX django_admin_log_user_id_c564eba6 ON public.django_admin_log USING btree (user_id);


--
-- Name: django_session_expire_date_a5c62663; Type: INDEX; Schema: public; Owner: postgres
--

CREATE INDEX django_session_expire_date_a5c62663 ON public.django_session USING btree (expire_date);


--
-- Name: django_session_session_key_c0390e0f_like; Type: INDEX; Schema: public; Owner: postgres
--

CREATE INDEX django_session_session_key_c0390e0f_like ON public.django_session USING btree (session_key varchar_pattern_ops);


--
-- Name: inventory_auditoria_items_auditoria_id_0fc613e6; Type: INDEX; Schema: public; Owner: postgres
--

CREATE INDEX inventory_auditoria_items_auditoria_id_0fc613e6 ON public.inventory_auditoria_items USING btree (auditoria_id);


--
-- Name: inventory_auditoria_items_producto_id_a23e9df8; Type: INDEX; Schema: public; Owner: postgres
--

CREATE INDEX inventory_auditoria_items_producto_id_a23e9df8 ON public.inventory_auditoria_items USING btree (producto_id);


--
-- Name: inventory_auditorias_created_by_id_2af59136; Type: INDEX; Schema: public; Owner: postgres
--

CREATE INDEX inventory_auditorias_created_by_id_2af59136 ON public.inventory_auditorias USING btree (created_by_id);


--
-- Name: inventory_auditorias_sede_id_4281a37d; Type: INDEX; Schema: public; Owner: postgres
--

CREATE INDEX inventory_auditorias_sede_id_4281a37d ON public.inventory_auditorias USING btree (sede_id);


--
-- Name: inventory_categorias_name_6a935bfd_like; Type: INDEX; Schema: public; Owner: postgres
--

CREATE INDEX inventory_categorias_name_6a935bfd_like ON public.inventory_categorias USING btree (name varchar_pattern_ops);


--
-- Name: inventory_compatibilidad_pieza_modelo_moto_id_721289ee; Type: INDEX; Schema: public; Owner: postgres
--

CREATE INDEX inventory_compatibilidad_pieza_modelo_moto_id_721289ee ON public.inventory_compatibilidad_pieza USING btree (modelo_moto_id);


--
-- Name: inventory_compatibilidad_pieza_producto_id_b878ce43; Type: INDEX; Schema: public; Owner: postgres
--

CREATE INDEX inventory_compatibilidad_pieza_producto_id_b878ce43 ON public.inventory_compatibilidad_pieza USING btree (producto_id);


--
-- Name: inventory_entradas_created_by_id_9c4784cc; Type: INDEX; Schema: public; Owner: postgres
--

CREATE INDEX inventory_entradas_created_by_id_9c4784cc ON public.inventory_entradas USING btree (created_by_id);


--
-- Name: inventory_entradas_producto_id_f3d341c4; Type: INDEX; Schema: public; Owner: postgres
--

CREATE INDEX inventory_entradas_producto_id_f3d341c4 ON public.inventory_entradas USING btree (producto_id);


--
-- Name: inventory_entradas_sede_id_42c623e2; Type: INDEX; Schema: public; Owner: postgres
--

CREATE INDEX inventory_entradas_sede_id_42c623e2 ON public.inventory_entradas USING btree (sede_id);


--
-- Name: inventory_marcas_fabricante_name_34c69107_like; Type: INDEX; Schema: public; Owner: postgres
--

CREATE INDEX inventory_marcas_fabricante_name_34c69107_like ON public.inventory_marcas_fabricante USING btree (name varchar_pattern_ops);


--
-- Name: inventory_marcas_moto_name_90497243_like; Type: INDEX; Schema: public; Owner: postgres
--

CREATE INDEX inventory_marcas_moto_name_90497243_like ON public.inventory_marcas_moto USING btree (name varchar_pattern_ops);


--
-- Name: inventory_modelos_moto_marca_id_9d10c4c9; Type: INDEX; Schema: public; Owner: postgres
--

CREATE INDEX inventory_modelos_moto_marca_id_9d10c4c9 ON public.inventory_modelos_moto USING btree (marca_id);


--
-- Name: inventory_productos_categoria_id_614c60c3; Type: INDEX; Schema: public; Owner: postgres
--

CREATE INDEX inventory_productos_categoria_id_614c60c3 ON public.inventory_productos USING btree (categoria_id);


--
-- Name: inventory_productos_codigo_barras_479116a6; Type: INDEX; Schema: public; Owner: postgres
--

CREATE INDEX inventory_productos_codigo_barras_479116a6 ON public.inventory_productos USING btree (codigo_barras);


--
-- Name: inventory_productos_codigo_barras_479116a6_like; Type: INDEX; Schema: public; Owner: postgres
--

CREATE INDEX inventory_productos_codigo_barras_479116a6_like ON public.inventory_productos USING btree (codigo_barras varchar_pattern_ops);


--
-- Name: inventory_productos_marca_fabricante_id_8386a7e9; Type: INDEX; Schema: public; Owner: postgres
--

CREATE INDEX inventory_productos_marca_fabricante_id_8386a7e9 ON public.inventory_productos USING btree (marca_fabricante_id);


--
-- Name: inventory_productos_sku_69e9f1d2_like; Type: INDEX; Schema: public; Owner: postgres
--

CREATE INDEX inventory_productos_sku_69e9f1d2_like ON public.inventory_productos USING btree (sku varchar_pattern_ops);


--
-- Name: inventory_productos_subcategoria_id_bb68d9cc; Type: INDEX; Schema: public; Owner: postgres
--

CREATE INDEX inventory_productos_subcategoria_id_bb68d9cc ON public.inventory_productos USING btree (subcategoria_id);


--
-- Name: inventory_stock_producto_id_cc8626c1; Type: INDEX; Schema: public; Owner: postgres
--

CREATE INDEX inventory_stock_producto_id_cc8626c1 ON public.inventory_stock USING btree (producto_id);


--
-- Name: inventory_stock_sede_id_dbfc89d6; Type: INDEX; Schema: public; Owner: postgres
--

CREATE INDEX inventory_stock_sede_id_dbfc89d6 ON public.inventory_stock USING btree (sede_id);


--
-- Name: inventory_subcategorias_categoria_id_17dfff53; Type: INDEX; Schema: public; Owner: postgres
--

CREATE INDEX inventory_subcategorias_categoria_id_17dfff53 ON public.inventory_subcategorias USING btree (categoria_id);


--
-- Name: pedidos_bodega_cajero_id_3bee394c; Type: INDEX; Schema: public; Owner: postgres
--

CREATE INDEX pedidos_bodega_cajero_id_3bee394c ON public.pedidos_bodega USING btree (cajero_id);


--
-- Name: pedidos_bodega_items_pedido_id_accd5ebb; Type: INDEX; Schema: public; Owner: postgres
--

CREATE INDEX pedidos_bodega_items_pedido_id_accd5ebb ON public.pedidos_bodega_items USING btree (pedido_id);


--
-- Name: pedidos_bodega_items_producto_id_53f8c6f8; Type: INDEX; Schema: public; Owner: postgres
--

CREATE INDEX pedidos_bodega_items_producto_id_53f8c6f8 ON public.pedidos_bodega_items USING btree (producto_id);


--
-- Name: pedidos_bodega_sede_id_39155d77; Type: INDEX; Schema: public; Owner: postgres
--

CREATE INDEX pedidos_bodega_sede_id_39155d77 ON public.pedidos_bodega USING btree (sede_id);


--
-- Name: sales_aperturas_caja_autorizado_por_id_0360e2f8; Type: INDEX; Schema: public; Owner: postgres
--

CREATE INDEX sales_aperturas_caja_autorizado_por_id_0360e2f8 ON public.sales_aperturas_caja USING btree (autorizado_por_id);


--
-- Name: sales_aperturas_caja_cajero_id_ab9e8832; Type: INDEX; Schema: public; Owner: postgres
--

CREATE INDEX sales_aperturas_caja_cajero_id_ab9e8832 ON public.sales_aperturas_caja USING btree (cajero_id);


--
-- Name: sales_aperturas_caja_codigo_id_db1f22de; Type: INDEX; Schema: public; Owner: postgres
--

CREATE INDEX sales_aperturas_caja_codigo_id_db1f22de ON public.sales_aperturas_caja USING btree (codigo_id);


--
-- Name: sales_aperturas_caja_sede_id_77c52b4d; Type: INDEX; Schema: public; Owner: postgres
--

CREATE INDEX sales_aperturas_caja_sede_id_77c52b4d ON public.sales_aperturas_caja USING btree (sede_id);


--
-- Name: sales_codigos_apertura_generado_por_id_2a10521c; Type: INDEX; Schema: public; Owner: postgres
--

CREATE INDEX sales_codigos_apertura_generado_por_id_2a10521c ON public.sales_codigos_apertura USING btree (generado_por_id);


--
-- Name: sales_codigos_apertura_sede_id_8f30c4b4; Type: INDEX; Schema: public; Owner: postgres
--

CREATE INDEX sales_codigos_apertura_sede_id_8f30c4b4 ON public.sales_codigos_apertura USING btree (sede_id);


--
-- Name: sales_venta_items_producto_id_82c23a3e; Type: INDEX; Schema: public; Owner: postgres
--

CREATE INDEX sales_venta_items_producto_id_82c23a3e ON public.sales_venta_items USING btree (producto_id);


--
-- Name: sales_venta_items_venta_id_87e448a6; Type: INDEX; Schema: public; Owner: postgres
--

CREATE INDEX sales_venta_items_venta_id_87e448a6 ON public.sales_venta_items USING btree (venta_id);


--
-- Name: sales_ventas_cajero_id_65e136ad; Type: INDEX; Schema: public; Owner: postgres
--

CREATE INDEX sales_ventas_cajero_id_65e136ad ON public.sales_ventas USING btree (cajero_id);


--
-- Name: sales_ventas_cliente_id_e6837bea; Type: INDEX; Schema: public; Owner: postgres
--

CREATE INDEX sales_ventas_cliente_id_e6837bea ON public.sales_ventas USING btree (cliente_id);


--
-- Name: sales_ventas_sede_id_37fa82b6; Type: INDEX; Schema: public; Owner: postgres
--

CREATE INDEX sales_ventas_sede_id_37fa82b6 ON public.sales_ventas USING btree (sede_id);


--
-- Name: stock_producto_sede_idx; Type: INDEX; Schema: public; Owner: postgres
--

CREATE INDEX stock_producto_sede_idx ON public.inventory_stock USING btree (producto_id, sede_id);


--
-- Name: stock_sede_qty_idx; Type: INDEX; Schema: public; Owner: postgres
--

CREATE INDEX stock_sede_qty_idx ON public.inventory_stock USING btree (sede_id, quantity);


--
-- Name: taller_motos_cliente_cliente_id_76caf712; Type: INDEX; Schema: public; Owner: postgres
--

CREATE INDEX taller_motos_cliente_cliente_id_76caf712 ON public.taller_motos_cliente USING btree (cliente_id);


--
-- Name: taller_servicio_items_created_by_id_7860f472; Type: INDEX; Schema: public; Owner: postgres
--

CREATE INDEX taller_servicio_items_created_by_id_7860f472 ON public.taller_servicio_items USING btree (created_by_id);


--
-- Name: taller_servicio_items_producto_id_e70397d0; Type: INDEX; Schema: public; Owner: postgres
--

CREATE INDEX taller_servicio_items_producto_id_e70397d0 ON public.taller_servicio_items USING btree (producto_id);


--
-- Name: taller_servicio_items_servicio_id_c858f01f; Type: INDEX; Schema: public; Owner: postgres
--

CREATE INDEX taller_servicio_items_servicio_id_c858f01f ON public.taller_servicio_items USING btree (servicio_id);


--
-- Name: taller_servicios_asignado_por_id_b71cd717; Type: INDEX; Schema: public; Owner: postgres
--

CREATE INDEX taller_servicios_asignado_por_id_b71cd717 ON public.taller_servicios USING btree (asignado_por_id);


--
-- Name: taller_servicios_cajero_id_7f5f7ac9; Type: INDEX; Schema: public; Owner: postgres
--

CREATE INDEX taller_servicios_cajero_id_7f5f7ac9 ON public.taller_servicios USING btree (cajero_id);


--
-- Name: taller_servicios_cliente_id_30799fc4; Type: INDEX; Schema: public; Owner: postgres
--

CREATE INDEX taller_servicios_cliente_id_30799fc4 ON public.taller_servicios USING btree (cliente_id);


--
-- Name: taller_servicios_folio_e78948ec_like; Type: INDEX; Schema: public; Owner: postgres
--

CREATE INDEX taller_servicios_folio_e78948ec_like ON public.taller_servicios USING btree (folio varchar_pattern_ops);


--
-- Name: taller_servicios_mecanico_id_852c0019; Type: INDEX; Schema: public; Owner: postgres
--

CREATE INDEX taller_servicios_mecanico_id_852c0019 ON public.taller_servicios USING btree (mecanico_id);


--
-- Name: taller_servicios_moto_id_bfbd0b22; Type: INDEX; Schema: public; Owner: postgres
--

CREATE INDEX taller_servicios_moto_id_bfbd0b22 ON public.taller_servicios USING btree (moto_id);


--
-- Name: taller_servicios_sede_id_c084ea8d; Type: INDEX; Schema: public; Owner: postgres
--

CREATE INDEX taller_servicios_sede_id_c084ea8d ON public.taller_servicios USING btree (sede_id);


--
-- Name: taller_solicitudes_extra_mecanico_id_199efd14; Type: INDEX; Schema: public; Owner: postgres
--

CREATE INDEX taller_solicitudes_extra_mecanico_id_199efd14 ON public.taller_solicitudes_extra USING btree (mecanico_id);


--
-- Name: taller_solicitudes_extra_producto_id_dd65152f; Type: INDEX; Schema: public; Owner: postgres
--

CREATE INDEX taller_solicitudes_extra_producto_id_dd65152f ON public.taller_solicitudes_extra USING btree (producto_id);


--
-- Name: taller_solicitudes_extra_respondido_por_id_ce8419a3; Type: INDEX; Schema: public; Owner: postgres
--

CREATE INDEX taller_solicitudes_extra_respondido_por_id_ce8419a3 ON public.taller_solicitudes_extra USING btree (respondido_por_id);


--
-- Name: taller_solicitudes_extra_servicio_id_61ba3478; Type: INDEX; Schema: public; Owner: postgres
--

CREATE INDEX taller_solicitudes_extra_servicio_id_61ba3478 ON public.taller_solicitudes_extra USING btree (servicio_id);


--
-- Name: unique_cajero_caja_abierta; Type: INDEX; Schema: public; Owner: postgres
--

CREATE UNIQUE INDEX unique_cajero_caja_abierta ON public.sales_aperturas_caja USING btree (cajero_id) WHERE ((status)::text = 'ABIERTA'::text);


--
-- Name: users_email_0ea73cca_like; Type: INDEX; Schema: public; Owner: postgres
--

CREATE INDEX users_email_0ea73cca_like ON public.users USING btree (email varchar_pattern_ops);


--
-- Name: users_groups_customuser_id_4bd991a9; Type: INDEX; Schema: public; Owner: postgres
--

CREATE INDEX users_groups_customuser_id_4bd991a9 ON public.users_groups USING btree (customuser_id);


--
-- Name: users_groups_group_id_2f3517aa; Type: INDEX; Schema: public; Owner: postgres
--

CREATE INDEX users_groups_group_id_2f3517aa ON public.users_groups USING btree (group_id);


--
-- Name: users_login_audit_log_user_id_79a954dd; Type: INDEX; Schema: public; Owner: postgres
--

CREATE INDEX users_login_audit_log_user_id_79a954dd ON public.users_login_audit_log USING btree (user_id);


--
-- Name: users_password_reset_tokens_user_id_2201fb49; Type: INDEX; Schema: public; Owner: postgres
--

CREATE INDEX users_password_reset_tokens_user_id_2201fb49 ON public.users_password_reset_tokens USING btree (user_id);


--
-- Name: users_sede_id_501df53b; Type: INDEX; Schema: public; Owner: postgres
--

CREATE INDEX users_sede_id_501df53b ON public.users USING btree (sede_id);


--
-- Name: users_turnos_sede_id_1fcd87db; Type: INDEX; Schema: public; Owner: postgres
--

CREATE INDEX users_turnos_sede_id_1fcd87db ON public.users_turnos USING btree (sede_id);


--
-- Name: users_turnos_user_id_fada4ae9; Type: INDEX; Schema: public; Owner: postgres
--

CREATE INDEX users_turnos_user_id_fada4ae9 ON public.users_turnos USING btree (user_id);


--
-- Name: users_user_permissions_customuser_id_efdb305c; Type: INDEX; Schema: public; Owner: postgres
--

CREATE INDEX users_user_permissions_customuser_id_efdb305c ON public.users_user_permissions USING btree (customuser_id);


--
-- Name: users_user_permissions_permission_id_6d08dcd2; Type: INDEX; Schema: public; Owner: postgres
--

CREATE INDEX users_user_permissions_permission_id_6d08dcd2 ON public.users_user_permissions USING btree (permission_id);


--
-- Name: venta_cajero_status_idx; Type: INDEX; Schema: public; Owner: postgres
--

CREATE INDEX venta_cajero_status_idx ON public.sales_ventas USING btree (cajero_id, status);


--
-- Name: venta_created_status_idx; Type: INDEX; Schema: public; Owner: postgres
--

CREATE INDEX venta_created_status_idx ON public.sales_ventas USING btree (created_at, status);


--
-- Name: venta_sede_created_idx; Type: INDEX; Schema: public; Owner: postgres
--

CREATE INDEX venta_sede_created_idx ON public.sales_ventas USING btree (sede_id, created_at);


--
-- Name: venta_sede_status_idx; Type: INDEX; Schema: public; Owner: postgres
--

CREATE INDEX venta_sede_status_idx ON public.sales_ventas USING btree (sede_id, status);


--
-- Name: auth_group_permissions auth_group_permissio_permission_id_84c5c92e_fk_auth_perm; Type: FK CONSTRAINT; Schema: public; Owner: postgres
--

ALTER TABLE ONLY public.auth_group_permissions
    ADD CONSTRAINT auth_group_permissio_permission_id_84c5c92e_fk_auth_perm FOREIGN KEY (permission_id) REFERENCES public.auth_permission(id) DEFERRABLE INITIALLY DEFERRED;


--
-- Name: auth_group_permissions auth_group_permissions_group_id_b120cbf9_fk_auth_group_id; Type: FK CONSTRAINT; Schema: public; Owner: postgres
--

ALTER TABLE ONLY public.auth_group_permissions
    ADD CONSTRAINT auth_group_permissions_group_id_b120cbf9_fk_auth_group_id FOREIGN KEY (group_id) REFERENCES public.auth_group(id) DEFERRABLE INITIALLY DEFERRED;


--
-- Name: auth_permission auth_permission_content_type_id_2f476e4b_fk_django_co; Type: FK CONSTRAINT; Schema: public; Owner: postgres
--

ALTER TABLE ONLY public.auth_permission
    ADD CONSTRAINT auth_permission_content_type_id_2f476e4b_fk_django_co FOREIGN KEY (content_type_id) REFERENCES public.django_content_type(id) DEFERRABLE INITIALLY DEFERRED;


--
-- Name: billing_config_fiscal_sede billing_config_fisca_sede_id_f3b775ef_fk_branches_; Type: FK CONSTRAINT; Schema: public; Owner: postgres
--

ALTER TABLE ONLY public.billing_config_fiscal_sede
    ADD CONSTRAINT billing_config_fisca_sede_id_f3b775ef_fk_branches_ FOREIGN KEY (sede_id) REFERENCES public.branches_sedes(id) DEFERRABLE INITIALLY DEFERRED;


--
-- Name: customers_perfiles customers_perfiles_usuario_id_bc9b973f_fk_users_id; Type: FK CONSTRAINT; Schema: public; Owner: postgres
--

ALTER TABLE ONLY public.customers_perfiles
    ADD CONSTRAINT customers_perfiles_usuario_id_bc9b973f_fk_users_id FOREIGN KEY (usuario_id) REFERENCES public.users(id) DEFERRABLE INITIALLY DEFERRED;


--
-- Name: django_admin_log django_admin_log_content_type_id_c4bce8eb_fk_django_co; Type: FK CONSTRAINT; Schema: public; Owner: postgres
--

ALTER TABLE ONLY public.django_admin_log
    ADD CONSTRAINT django_admin_log_content_type_id_c4bce8eb_fk_django_co FOREIGN KEY (content_type_id) REFERENCES public.django_content_type(id) DEFERRABLE INITIALLY DEFERRED;


--
-- Name: django_admin_log django_admin_log_user_id_c564eba6_fk_users_id; Type: FK CONSTRAINT; Schema: public; Owner: postgres
--

ALTER TABLE ONLY public.django_admin_log
    ADD CONSTRAINT django_admin_log_user_id_c564eba6_fk_users_id FOREIGN KEY (user_id) REFERENCES public.users(id) DEFERRABLE INITIALLY DEFERRED;


--
-- Name: inventory_auditoria_items inventory_auditoria__auditoria_id_0fc613e6_fk_inventory; Type: FK CONSTRAINT; Schema: public; Owner: postgres
--

ALTER TABLE ONLY public.inventory_auditoria_items
    ADD CONSTRAINT inventory_auditoria__auditoria_id_0fc613e6_fk_inventory FOREIGN KEY (auditoria_id) REFERENCES public.inventory_auditorias(id) DEFERRABLE INITIALLY DEFERRED;


--
-- Name: inventory_auditoria_items inventory_auditoria__producto_id_a23e9df8_fk_inventory; Type: FK CONSTRAINT; Schema: public; Owner: postgres
--

ALTER TABLE ONLY public.inventory_auditoria_items
    ADD CONSTRAINT inventory_auditoria__producto_id_a23e9df8_fk_inventory FOREIGN KEY (producto_id) REFERENCES public.inventory_productos(id) DEFERRABLE INITIALLY DEFERRED;


--
-- Name: inventory_auditorias inventory_auditorias_created_by_id_2af59136_fk_users_id; Type: FK CONSTRAINT; Schema: public; Owner: postgres
--

ALTER TABLE ONLY public.inventory_auditorias
    ADD CONSTRAINT inventory_auditorias_created_by_id_2af59136_fk_users_id FOREIGN KEY (created_by_id) REFERENCES public.users(id) DEFERRABLE INITIALLY DEFERRED;


--
-- Name: inventory_auditorias inventory_auditorias_sede_id_4281a37d_fk_branches_sedes_id; Type: FK CONSTRAINT; Schema: public; Owner: postgres
--

ALTER TABLE ONLY public.inventory_auditorias
    ADD CONSTRAINT inventory_auditorias_sede_id_4281a37d_fk_branches_sedes_id FOREIGN KEY (sede_id) REFERENCES public.branches_sedes(id) DEFERRABLE INITIALLY DEFERRED;


--
-- Name: inventory_compatibilidad_pieza inventory_compatibil_modelo_moto_id_721289ee_fk_inventory; Type: FK CONSTRAINT; Schema: public; Owner: postgres
--

ALTER TABLE ONLY public.inventory_compatibilidad_pieza
    ADD CONSTRAINT inventory_compatibil_modelo_moto_id_721289ee_fk_inventory FOREIGN KEY (modelo_moto_id) REFERENCES public.inventory_modelos_moto(id) DEFERRABLE INITIALLY DEFERRED;


--
-- Name: inventory_compatibilidad_pieza inventory_compatibil_producto_id_b878ce43_fk_inventory; Type: FK CONSTRAINT; Schema: public; Owner: postgres
--

ALTER TABLE ONLY public.inventory_compatibilidad_pieza
    ADD CONSTRAINT inventory_compatibil_producto_id_b878ce43_fk_inventory FOREIGN KEY (producto_id) REFERENCES public.inventory_productos(id) DEFERRABLE INITIALLY DEFERRED;


--
-- Name: inventory_entradas inventory_entradas_created_by_id_9c4784cc_fk_users_id; Type: FK CONSTRAINT; Schema: public; Owner: postgres
--

ALTER TABLE ONLY public.inventory_entradas
    ADD CONSTRAINT inventory_entradas_created_by_id_9c4784cc_fk_users_id FOREIGN KEY (created_by_id) REFERENCES public.users(id) DEFERRABLE INITIALLY DEFERRED;


--
-- Name: inventory_entradas inventory_entradas_producto_id_f3d341c4_fk_inventory; Type: FK CONSTRAINT; Schema: public; Owner: postgres
--

ALTER TABLE ONLY public.inventory_entradas
    ADD CONSTRAINT inventory_entradas_producto_id_f3d341c4_fk_inventory FOREIGN KEY (producto_id) REFERENCES public.inventory_productos(id) DEFERRABLE INITIALLY DEFERRED;


--
-- Name: inventory_entradas inventory_entradas_sede_id_42c623e2_fk_branches_sedes_id; Type: FK CONSTRAINT; Schema: public; Owner: postgres
--

ALTER TABLE ONLY public.inventory_entradas
    ADD CONSTRAINT inventory_entradas_sede_id_42c623e2_fk_branches_sedes_id FOREIGN KEY (sede_id) REFERENCES public.branches_sedes(id) DEFERRABLE INITIALLY DEFERRED;


--
-- Name: inventory_modelos_moto inventory_modelos_mo_marca_id_9d10c4c9_fk_inventory; Type: FK CONSTRAINT; Schema: public; Owner: postgres
--

ALTER TABLE ONLY public.inventory_modelos_moto
    ADD CONSTRAINT inventory_modelos_mo_marca_id_9d10c4c9_fk_inventory FOREIGN KEY (marca_id) REFERENCES public.inventory_marcas_moto(id) DEFERRABLE INITIALLY DEFERRED;


--
-- Name: inventory_productos inventory_productos_categoria_id_614c60c3_fk_inventory; Type: FK CONSTRAINT; Schema: public; Owner: postgres
--

ALTER TABLE ONLY public.inventory_productos
    ADD CONSTRAINT inventory_productos_categoria_id_614c60c3_fk_inventory FOREIGN KEY (categoria_id) REFERENCES public.inventory_categorias(id) DEFERRABLE INITIALLY DEFERRED;


--
-- Name: inventory_productos inventory_productos_marca_fabricante_id_8386a7e9_fk_inventory; Type: FK CONSTRAINT; Schema: public; Owner: postgres
--

ALTER TABLE ONLY public.inventory_productos
    ADD CONSTRAINT inventory_productos_marca_fabricante_id_8386a7e9_fk_inventory FOREIGN KEY (marca_fabricante_id) REFERENCES public.inventory_marcas_fabricante(id) DEFERRABLE INITIALLY DEFERRED;


--
-- Name: inventory_productos inventory_productos_subcategoria_id_bb68d9cc_fk_inventory; Type: FK CONSTRAINT; Schema: public; Owner: postgres
--

ALTER TABLE ONLY public.inventory_productos
    ADD CONSTRAINT inventory_productos_subcategoria_id_bb68d9cc_fk_inventory FOREIGN KEY (subcategoria_id) REFERENCES public.inventory_subcategorias(id) DEFERRABLE INITIALLY DEFERRED;


--
-- Name: inventory_stock inventory_stock_producto_id_cc8626c1_fk_inventory_productos_id; Type: FK CONSTRAINT; Schema: public; Owner: postgres
--

ALTER TABLE ONLY public.inventory_stock
    ADD CONSTRAINT inventory_stock_producto_id_cc8626c1_fk_inventory_productos_id FOREIGN KEY (producto_id) REFERENCES public.inventory_productos(id) DEFERRABLE INITIALLY DEFERRED;


--
-- Name: inventory_stock inventory_stock_sede_id_dbfc89d6_fk_branches_sedes_id; Type: FK CONSTRAINT; Schema: public; Owner: postgres
--

ALTER TABLE ONLY public.inventory_stock
    ADD CONSTRAINT inventory_stock_sede_id_dbfc89d6_fk_branches_sedes_id FOREIGN KEY (sede_id) REFERENCES public.branches_sedes(id) DEFERRABLE INITIALLY DEFERRED;


--
-- Name: inventory_subcategorias inventory_subcategor_categoria_id_17dfff53_fk_inventory; Type: FK CONSTRAINT; Schema: public; Owner: postgres
--

ALTER TABLE ONLY public.inventory_subcategorias
    ADD CONSTRAINT inventory_subcategor_categoria_id_17dfff53_fk_inventory FOREIGN KEY (categoria_id) REFERENCES public.inventory_categorias(id) DEFERRABLE INITIALLY DEFERRED;


--
-- Name: pedidos_bodega pedidos_bodega_cajero_id_3bee394c_fk_users_id; Type: FK CONSTRAINT; Schema: public; Owner: postgres
--

ALTER TABLE ONLY public.pedidos_bodega
    ADD CONSTRAINT pedidos_bodega_cajero_id_3bee394c_fk_users_id FOREIGN KEY (cajero_id) REFERENCES public.users(id) DEFERRABLE INITIALLY DEFERRED;


--
-- Name: pedidos_bodega_items pedidos_bodega_items_pedido_id_accd5ebb_fk_pedidos_bodega_id; Type: FK CONSTRAINT; Schema: public; Owner: postgres
--

ALTER TABLE ONLY public.pedidos_bodega_items
    ADD CONSTRAINT pedidos_bodega_items_pedido_id_accd5ebb_fk_pedidos_bodega_id FOREIGN KEY (pedido_id) REFERENCES public.pedidos_bodega(id) DEFERRABLE INITIALLY DEFERRED;


--
-- Name: pedidos_bodega_items pedidos_bodega_items_producto_id_53f8c6f8_fk_inventory; Type: FK CONSTRAINT; Schema: public; Owner: postgres
--

ALTER TABLE ONLY public.pedidos_bodega_items
    ADD CONSTRAINT pedidos_bodega_items_producto_id_53f8c6f8_fk_inventory FOREIGN KEY (producto_id) REFERENCES public.inventory_productos(id) DEFERRABLE INITIALLY DEFERRED;


--
-- Name: pedidos_bodega pedidos_bodega_sede_id_39155d77_fk_branches_sedes_id; Type: FK CONSTRAINT; Schema: public; Owner: postgres
--

ALTER TABLE ONLY public.pedidos_bodega
    ADD CONSTRAINT pedidos_bodega_sede_id_39155d77_fk_branches_sedes_id FOREIGN KEY (sede_id) REFERENCES public.branches_sedes(id) DEFERRABLE INITIALLY DEFERRED;


--
-- Name: sales_aperturas_caja sales_aperturas_caja_autorizado_por_id_0360e2f8_fk_users_id; Type: FK CONSTRAINT; Schema: public; Owner: postgres
--

ALTER TABLE ONLY public.sales_aperturas_caja
    ADD CONSTRAINT sales_aperturas_caja_autorizado_por_id_0360e2f8_fk_users_id FOREIGN KEY (autorizado_por_id) REFERENCES public.users(id) DEFERRABLE INITIALLY DEFERRED;


--
-- Name: sales_aperturas_caja sales_aperturas_caja_cajero_id_ab9e8832_fk_users_id; Type: FK CONSTRAINT; Schema: public; Owner: postgres
--

ALTER TABLE ONLY public.sales_aperturas_caja
    ADD CONSTRAINT sales_aperturas_caja_cajero_id_ab9e8832_fk_users_id FOREIGN KEY (cajero_id) REFERENCES public.users(id) DEFERRABLE INITIALLY DEFERRED;


--
-- Name: sales_aperturas_caja sales_aperturas_caja_codigo_id_db1f22de_fk_sales_cod; Type: FK CONSTRAINT; Schema: public; Owner: postgres
--

ALTER TABLE ONLY public.sales_aperturas_caja
    ADD CONSTRAINT sales_aperturas_caja_codigo_id_db1f22de_fk_sales_cod FOREIGN KEY (codigo_id) REFERENCES public.sales_codigos_apertura(id) DEFERRABLE INITIALLY DEFERRED;


--
-- Name: sales_aperturas_caja sales_aperturas_caja_sede_id_77c52b4d_fk_branches_sedes_id; Type: FK CONSTRAINT; Schema: public; Owner: postgres
--

ALTER TABLE ONLY public.sales_aperturas_caja
    ADD CONSTRAINT sales_aperturas_caja_sede_id_77c52b4d_fk_branches_sedes_id FOREIGN KEY (sede_id) REFERENCES public.branches_sedes(id) DEFERRABLE INITIALLY DEFERRED;


--
-- Name: sales_codigos_apertura sales_codigos_apertura_generado_por_id_2a10521c_fk_users_id; Type: FK CONSTRAINT; Schema: public; Owner: postgres
--

ALTER TABLE ONLY public.sales_codigos_apertura
    ADD CONSTRAINT sales_codigos_apertura_generado_por_id_2a10521c_fk_users_id FOREIGN KEY (generado_por_id) REFERENCES public.users(id) DEFERRABLE INITIALLY DEFERRED;


--
-- Name: sales_codigos_apertura sales_codigos_apertura_sede_id_8f30c4b4_fk_branches_sedes_id; Type: FK CONSTRAINT; Schema: public; Owner: postgres
--

ALTER TABLE ONLY public.sales_codigos_apertura
    ADD CONSTRAINT sales_codigos_apertura_sede_id_8f30c4b4_fk_branches_sedes_id FOREIGN KEY (sede_id) REFERENCES public.branches_sedes(id) DEFERRABLE INITIALLY DEFERRED;


--
-- Name: sales_reportes_caja sales_reportes_caja_apertura_id_d0b68134_fk_sales_ape; Type: FK CONSTRAINT; Schema: public; Owner: postgres
--

ALTER TABLE ONLY public.sales_reportes_caja
    ADD CONSTRAINT sales_reportes_caja_apertura_id_d0b68134_fk_sales_ape FOREIGN KEY (apertura_id) REFERENCES public.sales_aperturas_caja(id) DEFERRABLE INITIALLY DEFERRED;


--
-- Name: sales_venta_items sales_venta_items_producto_id_82c23a3e_fk_inventory; Type: FK CONSTRAINT; Schema: public; Owner: postgres
--

ALTER TABLE ONLY public.sales_venta_items
    ADD CONSTRAINT sales_venta_items_producto_id_82c23a3e_fk_inventory FOREIGN KEY (producto_id) REFERENCES public.inventory_productos(id) DEFERRABLE INITIALLY DEFERRED;


--
-- Name: sales_venta_items sales_venta_items_venta_id_87e448a6_fk_sales_ventas_id; Type: FK CONSTRAINT; Schema: public; Owner: postgres
--

ALTER TABLE ONLY public.sales_venta_items
    ADD CONSTRAINT sales_venta_items_venta_id_87e448a6_fk_sales_ventas_id FOREIGN KEY (venta_id) REFERENCES public.sales_ventas(id) DEFERRABLE INITIALLY DEFERRED;


--
-- Name: sales_ventas sales_ventas_cajero_id_65e136ad_fk_users_id; Type: FK CONSTRAINT; Schema: public; Owner: postgres
--

ALTER TABLE ONLY public.sales_ventas
    ADD CONSTRAINT sales_ventas_cajero_id_65e136ad_fk_users_id FOREIGN KEY (cajero_id) REFERENCES public.users(id) DEFERRABLE INITIALLY DEFERRED;


--
-- Name: sales_ventas sales_ventas_cliente_id_e6837bea_fk_customers_perfiles_id; Type: FK CONSTRAINT; Schema: public; Owner: postgres
--

ALTER TABLE ONLY public.sales_ventas
    ADD CONSTRAINT sales_ventas_cliente_id_e6837bea_fk_customers_perfiles_id FOREIGN KEY (cliente_id) REFERENCES public.customers_perfiles(id) DEFERRABLE INITIALLY DEFERRED;


--
-- Name: sales_ventas sales_ventas_sede_id_37fa82b6_fk_branches_sedes_id; Type: FK CONSTRAINT; Schema: public; Owner: postgres
--

ALTER TABLE ONLY public.sales_ventas
    ADD CONSTRAINT sales_ventas_sede_id_37fa82b6_fk_branches_sedes_id FOREIGN KEY (sede_id) REFERENCES public.branches_sedes(id) DEFERRABLE INITIALLY DEFERRED;


--
-- Name: taller_motos_cliente taller_motos_cliente_cliente_id_76caf712_fk_customers; Type: FK CONSTRAINT; Schema: public; Owner: postgres
--

ALTER TABLE ONLY public.taller_motos_cliente
    ADD CONSTRAINT taller_motos_cliente_cliente_id_76caf712_fk_customers FOREIGN KEY (cliente_id) REFERENCES public.customers_perfiles(id) DEFERRABLE INITIALLY DEFERRED;


--
-- Name: taller_servicio_items taller_servicio_item_producto_id_e70397d0_fk_inventory; Type: FK CONSTRAINT; Schema: public; Owner: postgres
--

ALTER TABLE ONLY public.taller_servicio_items
    ADD CONSTRAINT taller_servicio_item_producto_id_e70397d0_fk_inventory FOREIGN KEY (producto_id) REFERENCES public.inventory_productos(id) DEFERRABLE INITIALLY DEFERRED;


--
-- Name: taller_servicio_items taller_servicio_item_servicio_id_c858f01f_fk_taller_se; Type: FK CONSTRAINT; Schema: public; Owner: postgres
--

ALTER TABLE ONLY public.taller_servicio_items
    ADD CONSTRAINT taller_servicio_item_servicio_id_c858f01f_fk_taller_se FOREIGN KEY (servicio_id) REFERENCES public.taller_servicios(id) DEFERRABLE INITIALLY DEFERRED;


--
-- Name: taller_servicio_items taller_servicio_items_created_by_id_7860f472_fk_users_id; Type: FK CONSTRAINT; Schema: public; Owner: postgres
--

ALTER TABLE ONLY public.taller_servicio_items
    ADD CONSTRAINT taller_servicio_items_created_by_id_7860f472_fk_users_id FOREIGN KEY (created_by_id) REFERENCES public.users(id) DEFERRABLE INITIALLY DEFERRED;


--
-- Name: taller_servicios taller_servicios_asignado_por_id_b71cd717_fk_users_id; Type: FK CONSTRAINT; Schema: public; Owner: postgres
--

ALTER TABLE ONLY public.taller_servicios
    ADD CONSTRAINT taller_servicios_asignado_por_id_b71cd717_fk_users_id FOREIGN KEY (asignado_por_id) REFERENCES public.users(id) DEFERRABLE INITIALLY DEFERRED;


--
-- Name: taller_servicios taller_servicios_cajero_id_7f5f7ac9_fk_users_id; Type: FK CONSTRAINT; Schema: public; Owner: postgres
--

ALTER TABLE ONLY public.taller_servicios
    ADD CONSTRAINT taller_servicios_cajero_id_7f5f7ac9_fk_users_id FOREIGN KEY (cajero_id) REFERENCES public.users(id) DEFERRABLE INITIALLY DEFERRED;


--
-- Name: taller_servicios taller_servicios_cliente_id_30799fc4_fk_customers_perfiles_id; Type: FK CONSTRAINT; Schema: public; Owner: postgres
--

ALTER TABLE ONLY public.taller_servicios
    ADD CONSTRAINT taller_servicios_cliente_id_30799fc4_fk_customers_perfiles_id FOREIGN KEY (cliente_id) REFERENCES public.customers_perfiles(id) DEFERRABLE INITIALLY DEFERRED;


--
-- Name: taller_servicios taller_servicios_mecanico_id_852c0019_fk_users_id; Type: FK CONSTRAINT; Schema: public; Owner: postgres
--

ALTER TABLE ONLY public.taller_servicios
    ADD CONSTRAINT taller_servicios_mecanico_id_852c0019_fk_users_id FOREIGN KEY (mecanico_id) REFERENCES public.users(id) DEFERRABLE INITIALLY DEFERRED;


--
-- Name: taller_servicios taller_servicios_moto_id_bfbd0b22_fk_taller_motos_cliente_id; Type: FK CONSTRAINT; Schema: public; Owner: postgres
--

ALTER TABLE ONLY public.taller_servicios
    ADD CONSTRAINT taller_servicios_moto_id_bfbd0b22_fk_taller_motos_cliente_id FOREIGN KEY (moto_id) REFERENCES public.taller_motos_cliente(id) DEFERRABLE INITIALLY DEFERRED;


--
-- Name: taller_servicios taller_servicios_sede_id_c084ea8d_fk_branches_sedes_id; Type: FK CONSTRAINT; Schema: public; Owner: postgres
--

ALTER TABLE ONLY public.taller_servicios
    ADD CONSTRAINT taller_servicios_sede_id_c084ea8d_fk_branches_sedes_id FOREIGN KEY (sede_id) REFERENCES public.branches_sedes(id) DEFERRABLE INITIALLY DEFERRED;


--
-- Name: taller_solicitudes_extra taller_solicitudes_e_producto_id_dd65152f_fk_inventory; Type: FK CONSTRAINT; Schema: public; Owner: postgres
--

ALTER TABLE ONLY public.taller_solicitudes_extra
    ADD CONSTRAINT taller_solicitudes_e_producto_id_dd65152f_fk_inventory FOREIGN KEY (producto_id) REFERENCES public.inventory_productos(id) DEFERRABLE INITIALLY DEFERRED;


--
-- Name: taller_solicitudes_extra taller_solicitudes_e_servicio_id_61ba3478_fk_taller_se; Type: FK CONSTRAINT; Schema: public; Owner: postgres
--

ALTER TABLE ONLY public.taller_solicitudes_extra
    ADD CONSTRAINT taller_solicitudes_e_servicio_id_61ba3478_fk_taller_se FOREIGN KEY (servicio_id) REFERENCES public.taller_servicios(id) DEFERRABLE INITIALLY DEFERRED;


--
-- Name: taller_solicitudes_extra taller_solicitudes_extra_mecanico_id_199efd14_fk_users_id; Type: FK CONSTRAINT; Schema: public; Owner: postgres
--

ALTER TABLE ONLY public.taller_solicitudes_extra
    ADD CONSTRAINT taller_solicitudes_extra_mecanico_id_199efd14_fk_users_id FOREIGN KEY (mecanico_id) REFERENCES public.users(id) DEFERRABLE INITIALLY DEFERRED;


--
-- Name: taller_solicitudes_extra taller_solicitudes_extra_respondido_por_id_ce8419a3_fk_users_id; Type: FK CONSTRAINT; Schema: public; Owner: postgres
--

ALTER TABLE ONLY public.taller_solicitudes_extra
    ADD CONSTRAINT taller_solicitudes_extra_respondido_por_id_ce8419a3_fk_users_id FOREIGN KEY (respondido_por_id) REFERENCES public.users(id) DEFERRABLE INITIALLY DEFERRED;


--
-- Name: users_groups users_groups_customuser_id_4bd991a9_fk_users_id; Type: FK CONSTRAINT; Schema: public; Owner: postgres
--

ALTER TABLE ONLY public.users_groups
    ADD CONSTRAINT users_groups_customuser_id_4bd991a9_fk_users_id FOREIGN KEY (customuser_id) REFERENCES public.users(id) DEFERRABLE INITIALLY DEFERRED;


--
-- Name: users_groups users_groups_group_id_2f3517aa_fk_auth_group_id; Type: FK CONSTRAINT; Schema: public; Owner: postgres
--

ALTER TABLE ONLY public.users_groups
    ADD CONSTRAINT users_groups_group_id_2f3517aa_fk_auth_group_id FOREIGN KEY (group_id) REFERENCES public.auth_group(id) DEFERRABLE INITIALLY DEFERRED;


--
-- Name: users_login_audit_log users_login_audit_log_user_id_79a954dd_fk_users_id; Type: FK CONSTRAINT; Schema: public; Owner: postgres
--

ALTER TABLE ONLY public.users_login_audit_log
    ADD CONSTRAINT users_login_audit_log_user_id_79a954dd_fk_users_id FOREIGN KEY (user_id) REFERENCES public.users(id) DEFERRABLE INITIALLY DEFERRED;


--
-- Name: users_password_reset_tokens users_password_reset_tokens_user_id_2201fb49_fk_users_id; Type: FK CONSTRAINT; Schema: public; Owner: postgres
--

ALTER TABLE ONLY public.users_password_reset_tokens
    ADD CONSTRAINT users_password_reset_tokens_user_id_2201fb49_fk_users_id FOREIGN KEY (user_id) REFERENCES public.users(id) DEFERRABLE INITIALLY DEFERRED;


--
-- Name: users users_sede_id_501df53b_fk_branches_sedes_id; Type: FK CONSTRAINT; Schema: public; Owner: postgres
--

ALTER TABLE ONLY public.users
    ADD CONSTRAINT users_sede_id_501df53b_fk_branches_sedes_id FOREIGN KEY (sede_id) REFERENCES public.branches_sedes(id) DEFERRABLE INITIALLY DEFERRED;


--
-- Name: users_turnos users_turnos_sede_id_1fcd87db_fk_branches_sedes_id; Type: FK CONSTRAINT; Schema: public; Owner: postgres
--

ALTER TABLE ONLY public.users_turnos
    ADD CONSTRAINT users_turnos_sede_id_1fcd87db_fk_branches_sedes_id FOREIGN KEY (sede_id) REFERENCES public.branches_sedes(id) DEFERRABLE INITIALLY DEFERRED;


--
-- Name: users_turnos users_turnos_user_id_fada4ae9_fk_users_id; Type: FK CONSTRAINT; Schema: public; Owner: postgres
--

ALTER TABLE ONLY public.users_turnos
    ADD CONSTRAINT users_turnos_user_id_fada4ae9_fk_users_id FOREIGN KEY (user_id) REFERENCES public.users(id) DEFERRABLE INITIALLY DEFERRED;


--
-- Name: users_user_permissions users_user_permissio_permission_id_6d08dcd2_fk_auth_perm; Type: FK CONSTRAINT; Schema: public; Owner: postgres
--

ALTER TABLE ONLY public.users_user_permissions
    ADD CONSTRAINT users_user_permissio_permission_id_6d08dcd2_fk_auth_perm FOREIGN KEY (permission_id) REFERENCES public.auth_permission(id) DEFERRABLE INITIALLY DEFERRED;


--
-- Name: users_user_permissions users_user_permissions_customuser_id_efdb305c_fk_users_id; Type: FK CONSTRAINT; Schema: public; Owner: postgres
--

ALTER TABLE ONLY public.users_user_permissions
    ADD CONSTRAINT users_user_permissions_customuser_id_efdb305c_fk_users_id FOREIGN KEY (customuser_id) REFERENCES public.users(id) DEFERRABLE INITIALLY DEFERRED;


--
-- PostgreSQL database dump complete
--

